authorChannelId;imgNumber
UCGmm_4Fq3XcvppdBW1sHSwQ;75
UCgDO_ldSayQnf-_B0hZD-Jw;229
UCL-9Aeatjl88S65UH1lRnpA;482
UCNjXTq3FAK1_PJrdBQWTvUQ;494
UCpbmEL-SmZEGENJBSMm7VOw;623
UCvTVXcJCFJ2eeZIgPSvMlLw;656
UC5vDV47DxCtkubXzyA4DvpA;26
UC4RDU3OOBh-fWduiZWLd2gQ;377
UCSMLKFBQASj59pDDIz_3KRg;143
UCrzdbQ7Wx1KC6M8Co4nQ8Rw;302
UC1ewfAPSOt6-5DGxIRkhwRg;357
UCDLuhUtpJNiVg3L9KL6kFMA;64
UCcpXf0CgthL7QjTraywTNbQ;558
UCygJg1QciCydDy-hMdkiHnA;338
UCIF0pK4g_851lGSQ4__Pw-w;465
UCd3DPh5KjzQLjemwwDYaabA;211
UC3_xWRanDQwpetmAO5QvOAw;372
UC6NQCpj_8X9n_xtW060qVCA;396
UCaAjXmxb74Wiif8lun70v5Q;546
UCeo7ALpAC3vjFdS4dcEA0FQ;568
UCj3T_JSPKbEj-Hlh0o5Knvg;248
UC4aMR3XLY8dpdsBWvjsTlwg;378
UCGz3snFC28yFg-FtS9Po-yQ;457
UC_wdGOjZMPY25iiDS9mbMeg;193
UCaTBkq7QaNx0t2lB39meKlQ;194
UCo8PpD8sgxxN1BPNoM1a22w;277
UCeoxEPpntDP4vImUoojYztw;569
UCkIoS3gihzf40sALfInBEUg;598
UCk_utssEQiDkbtwIdxXRzyg;260
UClysQ2ow4YPr5pgLXGbZ7wg;272
UC2PKYkT_vJ5drDSdM6Nf0cw;361
UCBl5QV3Cps-rf1vd2oB3rRg;426
UCEl5zpmkxukqWMjknW4nA8Q;447
UCzZhROWMA9Q9blMGq2CzRMA;680
UCRvxGb0Rm362ZEdBPHWm6pg;141
UCiECAwjrSE9hi9kdV3FV0LQ;244
UC4sgFHZghqJWzLkPJM3ms4A;381
UC7ViNgOSAZZXvksKz15BRjw;404
UCeiMMh5wPvgoXf2TSgzfvyw;566
UC443g47bJjk9fhUUEPxYJ_g;17
UCDN_qvjsKCP6h3T1NuAFt1Q;66
UCXY9BiR25gTnRNV_AosPcSw;169
UCGLJOngcVEGd3PnN14QYv9Q;454
UCeClaz4pAxODLA9aF5aSQDA;563
UCnseq5WOR7lU3t2T1r5sQ1w;612
UCa07itCLa8QnED3ArpX6R8Q;545
UCpk7LhL74G38zI5eakWhsKg;625
UCqnQTRrX7gSZ1pS_DsGhPKA;631
UCUMeMWTWIh-EcstNEmyqNUw;155
UC_R99fZkXVvm6yfkjJmD70w;189
UCiVlVTrHhmW9XnweD3qcFxg;247
UCqVad1ojXWRVEAty2ZSjg2Q;627
UCc__DpzDdjIZGvtgLKl-VZg;208
UCAqwjc9kxK6QeJL9-jRkTwQ;424
UCSrLw-cvAWiG3gBDdjlKqFw;518
UCXSDq2h36yNF_DhMBTTzQMQ;534
UCdpUR2Ooppfut4Ggtf3zihw;562
UC1iw3TmZsFamKz7YpPh1Wig;8
UCanfDazVFycjkK9UihVMNHQ;198
UCiOsx09EaTVlG3-NIvxseJQ;246
UC3Q3t1Zm4zIqiTO3tCNjHUA;369
UCIKLeX_0Z3CH-7QkvKCkZwg;81
UCwVmqFmDBVHVnWpBIF7wZow;328
UCMRUj79zSgYcxSlR40VlJww;491
UCl9npOAhbdVbsnnNKhTzt8A;263
UCYg-NGih_1rlHDnt4S1fPwQ;538
UCL7lmLAr69g7F5nhNnH3otw;101
UCRgvAJzelHuapKyA3o2Ej3Q;138
UC6SWFoF2Y0ETmPe5W79Hx6g;397
UCKhKETUJiXosT2FWKbfqvlg;479
UCe_QT4mpb4C-lqpO3fVlQcQ;564
UC3kBEVpVAwlJ14LOnCadFYQ;16
UCnf4AbunJJlPjpds8KsZGhA;276
UCsB6caF5Q62TjTIUXImTAQg;304
UCObYOzDbCPSEoFp5g4VIzwA;500
UCU56n77eDN_J92yh0vdCSiA;522
UCHRXNrH008exzw9oFPn6MVQ;77
UCtlckC-DpKdX2mbi-6QX8sQ;312
UCIeDjnxT-hhyNwQRFxEfUNw;468
UCYm6OIO_s3S1Gm_cmaVYtdg;540
UCi2rVoMJRdqhg6G87GEt10Q;585
UCjcw6TflrrkR_GAsqcg9HSA;593
UCwoz2vefJ_5uiw2yOndvRXQ;664
UCMj6d0hevGiK0i7rwu1eCJA;114
UCUE__MwrR7W4YQ_KSu3_--w;153
UCWQWIh_CQ7-OKvQtHD7ImdA;162
UCYOiEpay3Rp5IlN0A9uu91Q;177
UCto3tRodwtFcbGGgPJ8D6CA;314
UCrUAw_1mq2Bpr-WffGRhjTw;635
UCC4nknLXAuaZswhMOHw9d3A;430
UCRspY3_z213GlxQgTqnGInQ;140
UCIyG-EkxpOHGPiP-ul5yGGw;472
UCLrwPoRG_65x2uy6zM1B_ow;488
UCwPjj4oTxv3UKa7mhuUEX8Q;660
UCBM-yQUDLXRHll83QSd5C4w;49
UCNh0gIjuU4BQ0keWjtdrURw;118
UCQxOLgIameonJw-FJT1qURA;132
UC5ZcORLF_qc8dOKNvmv3p3A;387
UC8R7Udr7SQzkYJwTuo08OeQ;414
UCXiRybUuiT2iO0CFlue_0cw;172
UC_JEcPkt_VpUm8t07GLsriw;188
UC17BBF8nGkUIHgq2-cKLTYA;354
UCka48Evrv5zFPTtifLpedpg;599
UCW3dJaqC3O3tuznO_pziikA;160
UCpPT1pnsBYFHIxS7oMFWMlw;288
UCz6KN9myJofhizFhUvApFaA;677
UCJMhwAYU_UGg9dGaDZRpUvw;89
UCM_BaqWFIC7mtoboBpcdBeA;113
UCO_p_XIyR_aQ7fq0ryGti7g;122
UCT_KaMl2eDGEOyjjw47nO5w;150
UCqQZrgp3j5fgOg_4gPzu6ug;293
UC0c7oH0oHFHjO1F65XkncTw;349
UC3E3nJp3JKVUsyjJ4td-TcQ;367
UC8grWFc8BW2TxwuqQO_kxIQ;415
UCBzADsJvGniU1-eL7VTBVxw;428
UCKcbuLDuGup_2D_DvyQtTAg;99
UCWa8t4KxT79yZ2MZBe_ed_A;163
UCeuB-INyqk3gFyQNYJyLqdg;222
UC5ee-NnUmwss5tU__7fAfEw;388
UCRMAEkdD10tm6GJZap_41mQ;513
UCMBJBkiP8QBZRPh-1JVzpzQ;489
UC4RjJRD0iCHz2IfFXGIMuGA;20
UCZSdWalXI8f-zATweOHNZ-Q;180
UCv0RxOZ-VqEHGBV3KOUzzug;319
UCLm87UV5VLe__Zd-WufggoA;107
UCmA5Ni25uv0B1ND-7nYOyxg;273
UCx5ooDCrmrjpV2zkuYQfMQA;331
UCy8rfMIQZMpfPI1Dve9Rlvw;333
UCoSO93afTsRIGJwZ0J99j5A;616
UCuGHqTFBQyHovZMz_vzPqjQ;648
UCR5shEYvA0QPF29UF6b4G9g;134
UCd85TQuto6Fgv0CPq6LbhFQ;212
UCR-DuZ1Y_G_JR73_Ruf2x9Q;511
UCcGQtKh06t8QAyunF1YZw4w;556
UCk5H0ZjypD-QrtkXWLkDqIg;256
UCsrnI_4SzV5mRSNy0GSztug;306
UC1dh1HIawM7Z4DN_oBCzmHw;356
UCUDESF4f99JklnNqjeCScrQ;152
UCxg003sZHIhudKHFeJCOaMQ;332
UCrjGEsWlQD0tJbfIOVmy4SQ;637
UCvCveBBujU3zQxAIUmWL89w;652
UC9LpevInLWcm9uRjM8qc_WQ;40
UC-Mbg_ogwCIYjviSBAW0Fkg;344
UC4limBD5sglU9HbIMMVoqxw;379
UCI0IiXCoc_ik0q91YyWQmIw;463
UCOfS0DsqpzqZB8ZwdYEmPQg;501
UCp6exqHL2ZytxGk0d2361Ag;619
UClXS8mYbEuYUEiZD7toJdMQ;265
UCXYbABO6fVoT0m_fnMter3w;170
UClHWDm9r8qvvh7qcJ1xzIwg;264
UCJBo6JoVYL_VBQ85tFq6TQQ;475
UCvWiNt6MH713IpwATq_2fgg;658
UCytYKwi13TiMgdOG8aleUUg;675
UCWuA13wnLE19IWbxPpYAvDg;166
UCVE5dWURe-u47kG7hIAab2w;527
UC7vhLT-Lc47db1xsOFM6gTw;34
UCPawHYy_W3bCFP7hile21Xg;128
UCbqrQZ0oRl3z99jAlmeShCQ;203
UC44C4Ekwma-pjh2mc3dwOSA;375
UCLHoCPzjt9ThBSkyl2OHuvQ;485
UCLJbCSgRstqI_xgTj-EzFxQ;104
UCLBB7nQW9qAVHtHpgCXouYw;483
UCiwAY_PbuXO0vitVqw5H9kQ;591
UCc7AqGEHq6upMjgKuYqdsMQ;205
UCVPmgnM1qlvcbx3Q2xWYFDw;528
UCJclBx0sRmvJsPLQgWkgKlg;91
UCzntVGHUquVKV_5P8JOIrrw;342
UCyn8iUupmMaodo7hMeqaZDg;674
UCJiSTVo8RDCF-H0BbK5lstQ;94
UC2pLRkmT2xrdnAEogBLUyAg;365
UCO6o5Hzlqwqv68WAOR3gHgQ;496
UClqRGpc96q7oBQ8hcgCYkUA;606
UC3-Ex-f951g2vMw3QNR1lfw;13
UCA2fnB98pIGQO3GIYKHuDPQ;43
UCVuf0L3W8PmLJBtoUFjh84A;159
UCK4kK8uwkkISoINDjp0Wicg;476
UCDLw33e2P9kYq2E1uASFOBw;65
UCLfnU4AebeC6T1yyTft-3-Q;106
UCr5Ygt1f92jM25hCkC_lNYg;632
UC4EHkIHXxaSBlDpu0no7uvQ;19
UCTPYhimCYZUDqLZz1chtYPQ;147
UCkspUSJTZs9Gg3_6V03SY_Q;262
UClq033TxNfD5UkXiWE26H4A;270
UCwBPjx9KEpr8Rd6Wka6rCtg;323
UC1nGyXySPO5JPU0bpVV49zA;358
UCDJ2T-AyC-V7Tqrh8CDeI-g;439
UCZXZajCD7JxjwOhIEUnklKg;541
UCxTi_nMZ0TmSRqgXVQSKdUg;665
UCIvrEGrYqM8a45r6es7y5PQ;86
UCDw8TY9iMqKqwfP-tavkUEg;69
UCbZ-wYRGa5icfa7N7aPaJxg;552
UCSW-3v1jBWCTby3M3eusLqA;144
UC9FZA1Yn1kq0XZhtRorK3mw;418
UCBqdaC3shQ738QXLAjWWlQQ;427
UChhssMJF70YMf5vJd8UFYJQ;584
UC3QNa7kEJA99Eth6vJT_7bg;15
UCZioywO2x_u_cnp6qNP6QWw;184
UC66kJHteal85NhPgn8iRouw;391
UCoh35jLtJy0erSY3ifooYjw;280
UCyjk7EXw2BrkzVr8YhJdWUw;339
UCj5JV92Drl8ZkXU5PKsDzVA;592
UCANEa40tf38ZWxxynRPXCMg;45
UCRIoaVkKX_gFItWGdvVrFiw;135
UCdgPZVHbW9qf-2i3E64wGNw;216
UCqevPT3yuJRNFwk088FCaDA;296
UCQkWsX0h9dUI9SamWHUPd5A;508
UCSS0JR2aRerhL73xylzK5sg;517
UC1JDIWa7ydNkrTqJU98Qz9g;5
UCKKIucLl6e1esc93TeK8eCA;97
UCXwmKChwfaAIIZDq9Fmpz9Q;173
UCdSfWlh8YvMMM-BoUTMSMLA;214
UCstcuJWlh0679Nvdv86Cj-g;307
UCo5J0ameMLmVs29B5Hy_dkw;614
UCvTJCtGw-k9mKNh-cB9w2PA;655
UC1hqzN6WWy_qNXDZAVk5EEw;7
UCCuUlakutyVG_vWX7U8wSmw;59
UCzXhmWOKiBWeLEEOFRH78lg;341
UC9CfJhTyDIBAISF-gNx6uxQ;39
UCDcVMCvqpCucVGroH5KwXOQ;67
UCt8r-mSkRLgcVZR_63sXOCA;308
UCH1kA-VgE6asRmRUK-BkvaA;458
UCLM8OkLR8BSHCpzPa0P4g2A;486
UCrXVcCeyhPr5FwwUfh29vzw;636
UCvRXV1kvq8Kt4rrWvP8CQCw;654
UCOK_KipjHE0ANGzvIED5-1g;121
UCP2ybF-e-QGH2eyzZEcacRg;125
UCZGtd3Byjyr-I5aASfbrM2A;178
UCyfnga92O82-JqYWn3JJEYQ;337
UCcGkv_wF2r0c6jSdweKh-_w;207
UCqcLp4X757R-h_NmchmstkA;294
UCfSJYBlspvec2OGmwHbxxUg;570
UC74L2cb8TS5IQh7XFzc9qoQ;401
UCOqn8Z5qyRC9SxM1UdQCaDg;502
UCUNxHKnUZha-8ziPuzI9e_w;525
UCWVEkVmmpad8mJReox8DPwQ;531
UCYiM773ssvNMaBHvaWWeIoQ;539
UCvU8ZdH8kaWKckrOCdsVXfw;657
UCAqHM4W0LBTwPmUMEJC9XmQ;48
UCJ6Gyeqa7W_UnokdPFz-thQ;473
UCueI_4N6dckAUbjCDQsbkvA;650
UCCVFQn-hGzWc3EHGg3JWScw;433
UCIrY7GXmqeaZ_m05NWoGdjQ;471
UCUEcRW-JdYcnd3DiClcxiYg;154
UCeERlSa2arUdX79tcAyMlFw;221
UC-RLTPrTmGqS-JL-cphC7gw;345
UCTkeofeQizWAjTjMpFfOBAg;521
UC-l_6qwr4LXIWDkqisKZjkg;346
UCMEwrZf1tu1mMX7cPKazVmQ;111
UCd2nkZUkG6RpY8mfUx5seSg;210
UChS-3_xopChIaGwzMOgQV3Q;238
UCz2PLBqAVMk7MyTK56-yKRA;340
UC5JxYcu0onWreYPvdWNJRng;383
UCXBymMyRYYDexqAbga6ddxw;167
UCVkhBLqGboFwBoiRlQ8Fb4w;530
UCiZbxwyEHd_bZ7JGRigvctg;589
UCljKmazo3rwLpWVFVq0Qyow;604
UCmOkUBIOy7DL4lRpEbIk28g;608
UC1rrVrDilPXH43jt2IOUN5Q;9
UCKA9TboS8tYryWV9TnFwJeg;477
UCsmOunQPFBmsfqmuejpts_A;641
UC6AEEGLlQ4cNJxEunJh2Cgw;393
UCqgYFv1BRDUHLe1DnGGvJ7w;629
UCfQujJ_jYWMC-CJ3Cwk_6PQ;226
UCp0qAb0zObXlJB4SSqJtpsw;282
UCHRhySx7n4TzyTLlngGa1Pw;462
UCiczveEL_2_KXINoNED8ntA;590
UCz3Iom9yGSgzeErZiIMMnfA;676
UCw8BhVjHFAS_PVLpMvn0BoQ;322
UC7Xu8BierieFgiuG7VIaKfQ;405
UCu20nxUig22TOB_D1saQRTA;647
UC75xsrq_uBocvYIXyLY4_iA;31
UCOyhpnpWPrKDSvtLG3Dvqzg;124
UCRlPGv6Hgp4UMnrP4tmN_xg;515
UCUJ5f32KXbnneWLYMQ4M3zg;524
UCbxsJa_15crBGZeO2l3oFxQ;555
UC2-uN8P8V-e25jTzfIcxupQ;11
UCC9ZW_pxzkH_repV48oLoLw;54
UChFw4zVichO0s9K6pB3naqw;236
UCyetYGEJRP3uil29VNOahAg;336
UC6KVTizYQAH3aieI32tXFlw;395
UCR8lBUrA_cZ-6TMeo5BL7RA;512
UCbpDj_5v9SXBarroB9uQY0w;554
UCtldZu_52VqwPnh425m6vPg;313
UCaVxZfv95r7UZTCxDmmN5fQ;548
UChh-R4-UyLT6VdlzQyk0opQ;583
UCiZTOzlM_fYNw3XbOfvtuFw;588
UCKozBnVvh0rxgzY2t9nSC-A;480
UCgDCX1k5asAkeaggkoo4vrg;576
UCCeR-nHvKKHeYsSTHa5AvHg;57
UCdL9o-vVVBIpI-5SYzZDGLg;213
UCoVmVq9jsl8NHKwIMgOirQg;279
UC10SH9hu6sxdwphpQUu00dA;352
UCXcEBsc03KwOmhb7onG1G4w;536
UC2-FjLJhovfUF5LPHvmSBaA;359
UCl5OSAyB6GIrQjhUgH286Zg;602
UCGbxTs7PWZjBv2SFwFdxdlg;73
UC_UwGS4bPVfW6F_KpLRctTg;190
UCbaWtq3V4pjJjELbcIg8dVQ;553
UCiR8mCoE99TKLeg5nh6oc6A;587
UC042BoatnB2tts9IwldTJpw;1
UC4E9bYQ3V6QAYDgA-GlTQuw;18
UCjjilzx2BC5tjnvNWPIG-GQ;254
UCAsO9m6-Hqd0XBRrShBf9wQ;425
UCn93C37bdtIrBXW6mEBN42Q;611
UCkCSg4gmfyhiJg_EB56eumQ;258
UCl_4nuj5nND1-B9MmdEjrpA;266
UCtVilWUyAdJRUT1KtMguDKg;311
UCDvhSmHl-phsPrgWv5G3v0g;443
UCvNDxatGshkfV2PyGKVQQWQ;653
UC6hrh8ghfA9YQfXR2avigfg;27
UC8xz1NJSEUzVlGyYwIjF8Tw;38
UCJEcUZ2wYDvkU8NnvD16l1w;87
UCWis_YijS8BS-Q-90c46xOA;165
UC6CGgPZr09-kOSfxo0-4poQ;394
UCKgF4yeV6Pn4MMtxaClH1dQ;478
UCtqnFHs9aCGLROkvrUaXScg;646
UCyGvnvLz0eDQ_5Iglt9qWEw;669
UCzm5Atrg-v1VMmgwXuryJJQ;681
UCWh-XMXY4JoKhfIh02x8V0g;164
UCMBIeaJ-gZJU2cm6ZyD6mpg;110
UCag8ujF14rh_5zJUoo-2ztQ;197
UChBjRMVJVcaY6I8bYSM4DZw;234
UC8Al8HPZzQquEDb05zF17mQ;411
UCOTtkGK1qtNEupZSzTmSL4A;498
UCwdh-SbQ1mDOb4xHzNm9f0g;663
UCRo0eeQmhkliCmaizJByIUA;139
UCUD5HmOu_z0RfYwtjRCIhVA;151
UCp9iKAx2IQxi0cdRt_EJGKQ;285
UCC2fo6qEaa0sM38IVxfvpxA;429
UCD7IGVCi0kHLkFW_MsMvtig;438
UCE9F2zVoWGvqLv7HHGj5o3A;444
UCKpdiwt24Q9shaKU8zVrLKA;481
UCQNjb8EG7gXLsskQ09kGsIw;507
UCZafIMnivOzsghR4h8QCkWA;183
UCiLR8xpkCXww37u71ssK8eQ;586
UCk1FtldcNGUC16QXJhq-yGQ;596
UC1ZyU_uI9LO7tO6_2c72a0A;355
UC7laCv3yvykgGDxHzftU3eg;409
UCF82cVMEREdNGt-KyaLKf0w;449
UCTNP1OtPe6RAEwbDd4dOgmg;519
UC5WjNgnrOHdylwmEJPv6ehw;385
UC9dnqFhx8KnTO2WmRMqSmnQ;419
UCHOmhCjbWufWcsAHFdZE7Lw;76
UCfZ-AJdxWQd3u6Rc8matGJw;227
UCk-vP5XwAm3K4gELYFJaRpw;595
UCpYQb5rNROgMVBmyxaMDuWA;621
UCyl7Kx9JD-k1EcPQlKf4Hnw;673
UCf-6FY9GC0j9Oh62cxl_z3A;223
UCwI7IPMqOHg-JncGd-nKVlQ;324
UCwPAmeadi4olz3tpCzcIt9g;325
UC5j062jevPYVwiL9hWD3Mkw;389
UCyW7VFDnlYdb8eRfnYRtuAg;671
UCsNEG6pr8QOG_jZ9vcMlgnw;305
UC0fFMbQa62krsR5Jc7nuNHA;350
UChTETdzWB1Mqrc6SULegDYQ;239
UCVQ5cP_bnSMh1fAadRxgcWQ;158
UCtzBfayV-Id-UucbB602X2g;315
UCGqAdNbB4w2y9kl9AxuhfyQ;455
UCp1679tsoNvSYCyy5xr526g;618
UC8Klcds4BkHwZVSSmnrXK2Q;413
UCQmXNIfM5v2rUxHFn0jQzGQ;509
UCp5EvayXsFDY5nDHM8Gt7Dw;284
UC6Z9gNxUKIxaavm6mVb8nRw;398
UCFY3QR2HnXHQlpwkDC1CpPw;450
UCIjbtR5TrrytnSKnWBoVZyw;470
UC9srns1yKkP60YwhJ_QRObg;420
UCYFTkN5UlcW3sEgAJBCdx3g;175
UChocfFvdOV9eeCDy1jKY-HA;242
UCkljE2yvcPfrz9h_XHaAVLA;261
UCp3N9P8_wfCVBZa_mH_HIIg;283
UCEcVhWrJnGvb_p1IBCWNRRA;71
UC_WGuYOTES3KTtInxe8CBkw;191
UCaWymvZGb5h8BA-4mvrnLog;196
UCd0JHoHd67g0U4OWJOwR6sg;209
UChJR9R_-LO8fEgSpMZUMmQA;237
UCEQCsG10ZVVnjjfjUTTHc5g;445
UCHCKsWNOXRhsdFEusar9kAA;459
UCmiONLCLEnFUwsgGPM295bQ;610
UCqjikFZLVmPRKMqws0ilvpw;630
UCf4UN2fA0RWazfQwxH2m4KA;224
UCjNdxWn1S8QrOLjy_cu3d3A;252
UClofGkG5NHTeyecFlzJvPrQ;269
UCMQm52DgbmhImZ626feVIhg;490
UCcGrFuVDxVbQey0pTQI9b-w;557
UC5SqCkdcRn6g2EHsUwirRrg;384
UCBOAIcTc12PJLjc9_L1AUQQ;50
UCR2IHmfwixQK7eU3VXP4_fQ;133
UCejQbSxOP6TtstwIpqz9UdQ;567
UCrzzojJGnOQoJS2-B0gFHhw;303
UCV-lE76VZEggVkjan1xDTzg;526
UCJuf-dAH5uz-60_cdnhOI5w;95
UCqcVePMsOC5DmaX1LhxXq6g;295
UCJVT0_1j5o-F4xCNdmDMiUQ;90
UC25TYOUGofAkd1UMaAMa2mg;12
UCQ6SS5UAg2VNZptof9S_LeQ;129
UCe0GORxcZcuQIUrQi8dxnQA;219
UCpLGA7ZnVzI4jUhRCUj3Ukw;287
UC-vqqCUNArWEvaDDvLAy4Kw;348
UC6jNylIH7uBjzXoNqi8DHvA;399
UCkTwYXdxpKvJ_5P-8k5FyyQ;259
UC3fQXHJ-Xd5tGk0QCe6YHew;373
UC7_PPVblCSqlHvOX1FchAlw;406
UCzEehfNN409vCq4TEpzer2w;679
UCIFFhMXA91qZ2N8k-8UVGBg;79
UCyExS0yAg_DptZLvwx4lLzw;334
UCgn-xKb72TiKgQij51923aw;580
UCw11YAG7GQ75z_ezgVtmNMA;659
UC3rU3bOtGvBpHgtnENvGcJg;374
UCAZH4Ah-OVXH7O0DeMjSDIQ;421
UCgHg7dYzoovU27lzS7ihbDw;577
UCsllHekn_OAmLwk9EtCa3tA;640
UC74e4m0Vs8egJvUj6LtDG-g;30
UCCe_jFhJURh1otWylimq3dQ;58
UCzyzDuemAJcK07S392eU9-A;343
UCMfTwil_xsC6y1EtqSfoCtw;493
UCaHiPhiium01QHh2o9-OSeA;547
UCSsIBPDEQwLyN5rdTEsk3QA;145
UC8MNZvGwlAtCCF0TmN2A0dA;37
UCBtzwVbeWYgBkVEsn6Tmn2w;53
UCYLTyqxaY7AX9jVuUKq4w4Q;176
UCUQndnZ7eyfAev6o4RNEjPQ;156
UCXWpaHa0PfmRZd2W47u9utw;168
UCoV_E7KNSLegeIM2ZrnGiFg;278
UCyWBNSv4DDv-RQGbaraQz7w;672
UCBqiVpFRz71X2THXr9i8ZfQ;52
UCrb06iXY6sgcUIaRLEnJLCg;298
UC6pvDx8ruHhQjug7LPiyqIg;400
UCCVnAI746Ey4d_higD4xCYA;434
UCLAH57g3zXP4L0VWoMIzcow;102
UCtAnHYjCFdRGnmzvSN9wK0w;309
UC7afed0R8-8HruKBtCel32Q;407
UCwRH04f98czF4pT-emstRrQ;661
UCffAs9SQmKTSEhqJsImjT-Q;572
UCItMIbQvmMh-ZgaPhX98JQg;84
UCMKRtLxnlenU4iRBTiqBCUQ;112
UCiLNs3VBPuA0W7TxoltzuNQ;245
UC4s6LRozg39_5fY5Iz3bVXA;380
UCF37QyEKb2s3eoaX72PbQww;448
UCIW0MxNQmjZ0C_VpUYGuc2A;467
UC703mZ0bKgm-tHzI_gMfS7Q;29
UChkvd6_qto7PAG21l2P7VTQ;241
UC0BXL2bOfLSONFDQSAFzyAQ;2
UCjzeiLNzrR5iyJLmw5A9N2w;255
UC10Fl9OnP6L29z4lH_gwxOA;351
UCrb_wcyF85s6HxTq3tftADw;299
UCLHa6kJSJjzRqoRbIGNlSuQ;484
UClNGCV55pqMy-iDzLwBDLbw;603
UCM4mGGDJorCISmfuiFHeq5A;108
UCUTq9yY89kGvD7_W4hmEvnw;157
UCjJpzdT-rKE6F-_jIHWcFBw;251
UCnU-mpBwEPiQ7PMdyHYyWbA;275
UC15Espd7t4_BXbDrpIP0abg;353
UC1PPF-cSCAgdmApk1t7Wung;6
UCNJiOeHXakYy1-6Rgl1cQcg;117
UC2RotONc3X_nZBaKCEbN03Q;362
UCt1csac_jg17AG7rBY5BEuA;643
UCyI505MnHiS4yus6ako8X1g;335
UC7P6ltVQKDGQ3j3b57iuWRQ;32
UCXzLTR4QWHCf8_fDCWKOxFA;174
UCvvHiMH1TIBQopoJaDn65JQ;321
UC7b1FCRkRdQf0_pTaXh_-_A;408
UC88_jOaLuvhMX450UJD6DBg;35
UCdhCKDvapKwvWQIkrWRXbVQ;217
UC68V00axq8bE68xbSfUbJVA;392
UCS78ts-nNPdcC3OYNdYPPMg;516
UC0DTrr8CZEtrjId6h4erx1A;3
UCKjtQ77pd2xT9uimsue60Ug;100
UCwyIV2ISV0TgxFOIT1j4_DQ;330
UC3I8alSycUtZcgXeVYcDWmw;368
UC5EBhVzE3pN3SQpM_8dBtKg;25
UCXhKJmxouX-qxlS2secetXQ;171
UCk8JJKQD1QBlHTe7_dkwyQQ;257
UCY2whl6XDUqDnmSdzvFttyw;537
UCHZd8Ynx7k-I0E2oCN81yJg;78
UCQLZv72a6qM5LE358jeu_ww;131
UCasSrr5-jhD2YKxVcF9qiXA;199
UCjINK2zbSDEX8OjQ6lt05UQ;250
UClmbgSDl4W6G3IJ6C_zBE3A;605
UCmTPeIQ3TryqkXfTnnSjFmA;609
UCprLlaJis25R-igRrrVcvEw;626
UCDnnUtD5zSHJF2NRClJ9LLw;441
UCh9fOzEr8wS9Zz__PEHEOYw;581
UCvr3q14PJxZEgyDZiTdhgyA;320
UCDqlWXewrV8Z6MxHqSQMmeA;442
UCLna1axZMjBJIKZi0WfO28g;487
UCy3AsO-4O7C6cRYJhcWgs_Q;667
UCJg5ye_znD9iVlQiMKZauQQ;92
UC8witl8OGLqP_l38BY-YPgw;417
UCX8jOSRldoAR65T-PzGdawg;533
UCo_kwR2HQKS1nJKVCBlrrvA;617
UCy6ynIbtxZX_8wcXJ7XM0Qg;668
UCazEvvze6jbOaBuvmam6jbQ;200
UC8myQrmuKZYKOVynyYdB4xA;416
UCkkGP5j-74o6QkG8Bw5xwLQ;600
UCgDor9grl1glqvojUuG1TXw;230
UChVWaDcKcI4SWKcucR9bVKw;240
UCoOuscE_JosGeuWnBdHt4QA;615
UCIc83ijDEQuUb9yxZbAgQRA;82
UCVQj-dBsPZWhLc3Ru59IDLg;529
UCCEbxIop2EZhD_5gIChvVMg;432
UCGvRJ69seHVp-3lxN2-2QAA;456
UCZwzm_TLXDdXO_ArMeh9Q1w;185
UCpEvuuQOV_mXPjla6FjYqOQ;286
UC3XMm4u-ZPnbFScDwgYkhtw;371
UCCoxJwO4U-BAlJOHplHEyqQ;435
UCHOhqlQc3e--GAdLvIArFUw;461
UCOMKwZJ_25SCCKjGBOSa1Vw;497
UCPuQ8G__ua5TQQ0ODnOBLUQ;505
UCQmioZZkzYzZPHyJ7LXvzxA;510
UCAJy65bqVik-EdvwT0p89Hg;44
UCcCpaTyOO5rCcGeEZ1NZcuA;206
UCoouLoNtN2GVDJWGeWjpLng;281
UCuyAf5c_-Qs8lFDRVGUYP6w;651
UC4cB4tChK474PAEhUng-uAg;22
UCGd3u_zHgzoErYdEoPY-hLA;74
UCgeCQzLQKLWZ1vp7Mak5MAA;231
UC_FSTHz2JKqCdrfl8YpNYCA;187
UCfEMW4ba6K-IdQXC4KHDkUg;225
UC4wen1i16jNdbQmRhEhiYwA;382
UCl3dZ8w3UYP802DILYXJi8w;601
UCCMwBNkRNGj4szbEgr_U3QQ;56
UChghfaDzI3LexgEB9W_alPQ;582
UCr5rE50qu9m6jrzjlT80B8g;633
UClck3269uxg95OMyKpG3kUw;267
UC7J4isCrhQtoJTQqsgyv4Gg;403
UCCyz94SSzWu5YpGOMCC8tlw;60
UCOKIFzvEEqQ8Mcj5fOFxt1A;120
UCStWftPM39P8BS7SuiUXiiA;146
UCsD8VpgR_PGejbppJ0sqQLw;638
UCsh6bK1aitHBkrylhogaPgg;639
UCb_TE74rHKCAy5ocCWKftdg;202
UCD0AAoHVmLfHqBV8bi5b2dg;436
UCaoJQS5ddq2DNhzA6okX-Kw;549
UCg8m1SRDvxJwwjD1iVbog6g;574
UCg4AEZqtyKpukTtFQjDnRWQ;228
UClf7uSoGG4BjR2qZvW6ylAA;268
UCwQCe7ntrSY76XXk1v0E_dQ;326
UCDFfaQIAn_vg0V4uMQI3v_w;63
UCWCvAa0TKH4leyO3I9cfJ3Q;161
UChEUKLmD-kSa0a1Crn_vliQ;235
UCD1xHTkTigSV3NnStjqUZGA;437
UCfXGjU9DbNNA_LUbP8pO09Q;571
UCRN2Mpbqa9ofPLIzSfu7B7Q;136
UCjCRT0wzjTyDrZud40L5Byg;249
UC-K0pQo4HP0IjwDc65X4Zng;0
UC2gyrBNuZ98y9i38YsA24OQ;363
UCdnH89G3P4kJKVMo4-1zdMg;561
UCgeigqthyx-WMz7FLKM0kDw;579
UCpD3CTNyFs_9xVDeFi5Sbnw;620
UCpk05ALwFeOzQnEZw6dgyEA;624
UCOewmO2GzppKiPoBSg1Jjkg;123
UCTf54Y-PgPqJ5Pgzyo542Ng;520
UCgQvKVDFKbJqACldwElgrPg;578
UCszkm-7ipyhdGRKONk7xR8A;642
UCjRVbwehaIhuSAMG_GI68ew;253
UC7qsXc1yHOpHVCMBr43aQSQ;410
UCTVZr5TVpG9kNUeYKSIkJyw;148
UCgCqyxOY3tMJm95VLo4BZLA;575
UCdAqZ-s9Jmy3cJJuOa_rFGw;560
UChuWkxZUiSKC_S1i3uIXw6A;243
UC29JmuJQTH2nkn7Y08GBZPg;360
UC8CWlkw8bAh88MYZ_bEYIXw;412
UCrORNYM20mDYWgZ2bky2ZyQ;634
UCbW0kU38OB697RvW2XnTM5Q;201
UCullYJQ4JYmiD1ISEImKHXg;317
UC38kGU3Xn653np4PkxQT3Hg;366
UCP-o1z1Sp23vl4EdYgVqDhg;503
UC6tYCyAG-TztXsWDYFf9ZDg;28
UCRUU_lktv1x32FF0YilwUGg;137
UCTW5u0BZ4KX3d6zPT-xvvVg;149
UC_AI_yFSxLP4vG8yeSDjZ0w;186
UCDdmFBG8_N_7aJr2sj0vVTw;440
UCtXDO6ECxXdEQmtuO3Tb_Pg;644
UCtqVe6OFb-q7Ft1Ai1BqtLw;645
UCAcN3l7ildc1VPslXxxM3YQ;423
UCHHpAcwpeW5-98icRfGh1iA;460
UCPvyN5Xq6fyopDfqELWBfCQ;506
UCLbdxwzNrvJt-8ZznBdnqmg;105
UCgnX1UEOa0TGgZxh-nhKTZA;232
UCuSLvOCzUSoB-IzM3gimOjw;316
UCwuiYzd0Q8gcWAclSOU11KQ;329
UCFx8CLpNYRjmDV8W1lB8FnQ;452
UCGIYZylsultbYIvbuaMj6xQ;453
UCMcAc_h8mGrAZDt9g0GwcYw;492
UCfqp-hxebDy2XnNA0iK_O6g;573
UCwaYXx41G41l6WMzcd1freg;662
UC4bo_U28B-w3G-A0KkvdgbQ;21
UC89S9LRZ8hog0TMFp5T-PTA;36
UC9lAv7HY7o6PRxo4gfu9xhA;42
UCpQpzcYKAFmtwBXjdKglRsg;289
UCpWkCSxtqgu96IdbhMS0_aA;290
UCuaVSM21YnIm0uiQ1mP6GpQ;649
UCxdFOGA2IC6Qnkoa_gqitqQ;666
UCAdbQGAhzEQ5Vh1wojL8DDA;47
UCBTHIZLGJnC0DHJ33ZG4i6A;51
UCIvg5rslfvIXe_eD21ZspLg;85
UCK4SZF5xYZPEd4Q9tArqHJA;96
UCQ8VxibvQR7xgw2u6W44U5Q;130
UCbtNzmLtedTaGXIMRHJM8IA;204
UCrlfjTWcib2AzulqddybcBA;301
UCtJ-BUVzMo8mDO7JAxffaWA;310
UC3EeTdqeuZLcG7CReLi1Dvw;14
UCN-BQBx8yC7VRl7mnZaL3OQ;116
UCD1vXW3ScoHYZ4nGye4rCEA;61
UCEQ4ArKNERHtlrddyps65Vw;70
UC_ifz5t7KARx_r8CBr9MZ-Q;192
UClrplKGoGtWatPsAvSfH8Dg;271
UC7GxV0vFTycQ2K_ua-Hz-ZA;402
UCXXZlywuP2NqxVpF30A7fuA;535
UCCFeDTn1gkAAnPnACWPQI5A;55
UCq8dh5xDFyVAQ250Ukwt4zQ;292
UC5rJLS5t1ECDJza1W7QDEhg;390
UCNx4aYU67oHo0GmF5KcsrbA;495
UCbByuD8hCwKwRmDlNsdl1YQ;551
UCKKaxyZb56k_ny4aTc9SX5Q;98
UCZUEArAoVPtuov2GyiSnNnQ;181
UCFvEXtU_afSXe1rfAajD2rQ;451
UCJBdjm7zj0mtpGbWn2M_Lzg;474
UCaskF1RKOZfv5hoO2tMZIDw;550
UC7dpiVH0l8O2yAQx7rTLMnA;33
UCo5-3R3-6Q5GhWcSX5M52pg;613
UCOIz3OqCtyMXIR7G8XcPJIw;119
UCeD9xhiWYcRRJvq9m3_mEyA;220
UCrbkyk4Q9TvBtxpv7oHJwUQ;300
UCRhbO39cNPM7uSxlCJU0usg;514
UCaV0BGY4BxpkAvVz10NZwOw;195
UCdv76M3QnBXLoFmtVVi0RSg;218
UCIGIXBuUzWdDMrC1FqlrHvQ;80
UC_n5C9XVmRgnn1XKbuzaJLg;544
UCDBU8ljFwEfy_yBTyRXzOYQ;62
UCmypGTeF2Rn2IzNGv7vtzug;274
UC0MuRWrWdjZTLZCgLA6d_xQ;4
UCMo9kE_vNdxOSb0EXse8gdQ;115
UCAZTBx7IgdoMg0ZTaFHIO0Q;422
UCkFAg4lNxqM_Rruwzuaj99g;597
UC5CzLk5UPG-yR9V1utLoiPA;24
UCPaitShgK85z3GPbhvzdYAA;127
UC4j_IUak80HyK2t5ihzk9yA;23
UCLGl3f23i0Uq1BhuJP6Qc6A;103
UCC5EmIHB3RqadXxFbdPdvOQ;431
UCM7hvEMA60pkjgljyUnFGMQ;109
UC-vR8Xaxv5OXsJ5fXn3fg8w;347
UC2iOu2wVx8LCAWHSA9AP2sw;364
UC_DwG1jyfFmvDZ9lMS6PsIQ;542
UCz6X7zEDEclH4sEwpH92M-g;678
UCS6n6A4tqGXQKVHIDqFHjww;142
UCdStWwSz0LcG5S4oicvDTig;215
UCp_8p0ln1VY2R8ENgudAHhA;291
UC47q2rpcLK7PkuVeZx0hsjQ;376
UCjxLAdpAIKNXnCtIaHphnOA;594
UCpa07YnF08iMWi1t1-6TIlA;622
UCZ_IYpIupVcK8EIH44NvpvQ;182
UCgpj8fKiQNXL-doPlu1iIYQ;233
UCcr0ifftcpMngiJ21wfp5DQ;559
UCIlAEhNNXk6wFXkd2BXd94Q;83
UCJIeS7bZJ_ST8almxCeYR5w;88
UC_PeiyHQ-ELGyU3-3Tlm42g;543
UCqffJ5kvkze8bdGO2M2F68g;628
UC1ru5NEMMr6n1HyL_o_a7oQ;10
UCDu1AOn7-D_NY3m_iwJksIQ;68
UCP9RmvEJKT7X48dTSTZu0Qw;126
UC5ZLJu6_lJht0mZt6B5J11g;386
UCIPMkeAvXnaF3mgtQlY919Q;466
UCOVU-bkH0cvxl5lMFf1MDmg;499
UCrZcTl_n4ety1bfhvfH-SSw;297
UCwTdDEZQQ1BLlBptGoNe1rg;327
UCIea66NSWbOaU5Yw5Zp3_aA;469
UCUESWgziGTEJBjKTrodPphg;523
UClyGxkelLVoERjntPuqjvPw;607
UCAQ8CFfCCmwItdNUFkdkS-A;46
UCZOA54bRXvnceuvD31dnC3w;179
UC3UH-cf1Qj-Wng2aE50xf9A;370
UCEgo7yEdXV2ymY5wE_AUjEw;446
UCPiXyLneYlbtD5PcyiDnIrg;504
UCWeS4a1qmGKOlh4agWblIjg;532
UC9P6TQeN1UuznA4AZiTQwKw;41
UCJhKq7VQ0Ck6ffDOBA_GjUQ;93
UCuxg4vuKbJYMh0f0CAbTFnQ;318
UCG3RKz9kLbHdhd21lh0IRCA;72
UCIAk1OqU-npPzW-bmaTmE7A;464
UCec-3ugFOqs7cOGa8klmV2Q;565
UCyPzvtXSTRd8d7A-ThHnhpw;670
