kind,etag,id,snippet,contentDetails,status,channelId,channelTitle,publishedAt,playlistId,videoId,nextPageToken,extraction_date
youtube#playlistItem,G8WgV24B9sHqNEfWeW0fTxvxU_c,VVVDbWgzbkpheVQtN2pFTTZoZzJ2UDlRLkI3a1JVSmhITkVR,"{'publishedAt': '2023-02-03T13:30:10Z', 'channelId': 'UCCmh3nJayT-7jEM6hg2vP9Q', 'title': 'Estava turistando em Cuba e ISSO ACONTECEU - Comunista foi para Cuba', 'description': 'APOIE O CANAL LAURA SABINO \nhttps://apoia.se/canallaurasabino\nFinalmente conseguimos subir nosso segundo vídeo gravado aqui em Cuba. Ainda teremos muito conteúdo incrível e variado sobre como é Cuba hoje.\n\nSigam @mylaura_m nas outras redes para acompanhar mais detalhes da viagem e sigam o @cortespensantes editor do canal  e produtor de conteúdo.', 'thumbnails': {'default': {'url': 'https://i.ytimg.com/vi/B7kRUJhHNEQ/default.jpg', 'width': 120, 'height': 90}, 'medium': {'url': 'https://i.ytimg.com/vi/B7kRUJhHNEQ/mqdefault.jpg', 'width': 320, 'height': 180}, 'high': {'url': 'https://i.ytimg.com/vi/B7kRUJhHNEQ/hqdefault.jpg', 'width': 480, 'height': 360}, 'standard': {'url': 'https://i.ytimg.com/vi/B7kRUJhHNEQ/sddefault.jpg', 'width': 640, 'height': 480}, 'maxres': {'url': 'https://i.ytimg.com/vi/B7kRUJhHNEQ/maxresdefault.jpg', 'width': 1280, 'height': 720}}, 'channelTitle': 'Laura Sabino', 'playlistId': 'UUCmh3nJayT-7jEM6hg2vP9Q', 'position': 0, 'resourceId': {'kind': 'youtube#video', 'videoId': 'B7kRUJhHNEQ'}, 'videoOwnerChannelTitle': 'Laura Sabino', 'videoOwnerChannelId': 'UCCmh3nJayT-7jEM6hg2vP9Q'}",,,UCCmh3nJayT-7jEM6hg2vP9Q,Laura Sabino,2023-02-03T13:30:10Z,UUCmh3nJayT-7jEM6hg2vP9Q,B7kRUJhHNEQ,,2023-06-07 16:46:41.047804
youtube#playlistItem,ZPu-b6Na8AILxJGIvP_t1DvmHuY,VVVDbWgzbkpheVQtN2pFTTZoZzJ2UDlRLm9jOGNlSlh3UUZ3,"{'publishedAt': '2023-01-23T13:00:06Z', 'channelId': 'UCCmh3nJayT-7jEM6hg2vP9Q', 'title': 'Comunista foi para Cuba - Primeiros dias', 'description': 'APOIE O CANAL LAURA SABINO \nhttps://apoia.se/canallaurasabino\n\nDepois de tanto me mandarem ir para Cuba,resolvemos ir ! \nNesse vídeo mostramos nossas primeiras impressões do socialismo real. Mostramos as casas cubanas,a comida, como funciona a internet em Cuba e varias outras experiências que temos vivido aqui.\nSigam @mylaura_m nas outras redes para acompanhar mais detalhes da viagem e sigam o @cortespensantes editor do canal  e produtor de conteúdo.', 'thumbnails': {'default': {'url': 'https://i.ytimg.com/vi/oc8ceJXwQFw/default.jpg', 'width': 120, 'height': 90}, 'medium': {'url': 'https://i.ytimg.com/vi/oc8ceJXwQFw/mqdefault.jpg', 'width': 320, 'height': 180}, 'high': {'url': 'https://i.ytimg.com/vi/oc8ceJXwQFw/hqdefault.jpg', 'width': 480, 'height': 360}, 'standard': {'url': 'https://i.ytimg.com/vi/oc8ceJXwQFw/sddefault.jpg', 'width': 640, 'height': 480}, 'maxres': {'url': 'https://i.ytimg.com/vi/oc8ceJXwQFw/maxresdefault.jpg', 'width': 1280, 'height': 720}}, 'channelTitle': 'Laura Sabino', 'playlistId': 'UUCmh3nJayT-7jEM6hg2vP9Q', 'position': 1, 'resourceId': {'kind': 'youtube#video', 'videoId': 'oc8ceJXwQFw'}, 'videoOwnerChannelTitle': 'Laura Sabino', 'videoOwnerChannelId': 'UCCmh3nJayT-7jEM6hg2vP9Q'}",,,UCCmh3nJayT-7jEM6hg2vP9Q,Laura Sabino,2023-01-23T13:00:06Z,UUCmh3nJayT-7jEM6hg2vP9Q,oc8ceJXwQFw,,2023-06-07 16:46:41.047804
youtube#playlistItem,ebMTkc5drbpASSXRr-Uj2z-PvAc,VVVDbWgzbkpheVQtN2pFTTZoZzJ2UDlRLnJwcFpWWlQxNmkw,"{'publishedAt': '2022-10-11T19:03:17Z', 'channelId': 'UCCmh3nJayT-7jEM6hg2vP9Q', 'title': 'Comunistas reagem aos liberais: Comeram todos os cachorros na Venezuela? | Cortes live Laura Sabino', 'description': 'Não esqueça de comentar o que achou do corte, deixe também o seu like e ative o sininho.\n\nLives na roxinha, sempre que possível, nas terças e quintas. Procure por  mylaura_m \n\nQuer ajudar o canal? Contribua mensalmente em https://apoia.se/canallaurasabino', 'thumbnails': {'default': {'url': 'https://i.ytimg.com/vi/rppZVZT16i0/default.jpg', 'width': 120, 'height': 90}, 'medium': {'url': 'https://i.ytimg.com/vi/rppZVZT16i0/mqdefault.jpg', 'width': 320, 'height': 180}, 'high': {'url': 'https://i.ytimg.com/vi/rppZVZT16i0/hqdefault.jpg', 'width': 480, 'height': 360}, 'standard': {'url': 'https://i.ytimg.com/vi/rppZVZT16i0/sddefault.jpg', 'width': 640, 'height': 480}, 'maxres': {'url': 'https://i.ytimg.com/vi/rppZVZT16i0/maxresdefault.jpg', 'width': 1280, 'height': 720}}, 'channelTitle': 'Laura Sabino', 'playlistId': 'UUCmh3nJayT-7jEM6hg2vP9Q', 'position': 2, 'resourceId': {'kind': 'youtube#video', 'videoId': 'rppZVZT16i0'}, 'videoOwnerChannelTitle': 'Laura Sabino', 'videoOwnerChannelId': 'UCCmh3nJayT-7jEM6hg2vP9Q'}",,,UCCmh3nJayT-7jEM6hg2vP9Q,Laura Sabino,2022-10-11T19:03:17Z,UUCmh3nJayT-7jEM6hg2vP9Q,rppZVZT16i0,,2023-06-07 16:46:41.047804
youtube#playlistItem,_UiY_n-Ea5rpHgzcxY7VF44p-1s,VVVDbWgzbkpheVQtN2pFTTZoZzJ2UDlRLnRmYjJ5S0JWYU9N,"{'publishedAt': '2022-10-08T19:16:32Z', 'channelId': 'UCCmh3nJayT-7jEM6hg2vP9Q', 'title': 'Comunistas reagindo a Liberais: Jesus eleitor do Bolsonaro?  | Cortes live Laura Sabino', 'description': 'Não esqueça de comentar o que achou do corte, deixe também o seu like e ative o sininho.\n\nLives na roxinha, sempre que possível, nas terças e quintas. Procure por  mylaura_m \n\nQuer ajudar o canal? Contribua mensalmente em https://apoia.se/canallaurasabino', 'thumbnails': {'default': {'url': 'https://i.ytimg.com/vi/tfb2yKBVaOM/default.jpg', 'width': 120, 'height': 90}, 'medium': {'url': 'https://i.ytimg.com/vi/tfb2yKBVaOM/mqdefault.jpg', 'width': 320, 'height': 180}, 'high': {'url': 'https://i.ytimg.com/vi/tfb2yKBVaOM/hqdefault.jpg', 'width': 480, 'height': 360}, 'standard': {'url': 'https://i.ytimg.com/vi/tfb2yKBVaOM/sddefault.jpg', 'width': 640, 'height': 480}, 'maxres': {'url': 'https://i.ytimg.com/vi/tfb2yKBVaOM/maxresdefault.jpg', 'width': 1280, 'height': 720}}, 'channelTitle': 'Laura Sabino', 'playlistId': 'UUCmh3nJayT-7jEM6hg2vP9Q', 'position': 3, 'resourceId': {'kind': 'youtube#video', 'videoId': 'tfb2yKBVaOM'}, 'videoOwnerChannelTitle': 'Laura Sabino', 'videoOwnerChannelId': 'UCCmh3nJayT-7jEM6hg2vP9Q'}",,,UCCmh3nJayT-7jEM6hg2vP9Q,Laura Sabino,2022-10-08T19:16:32Z,UUCmh3nJayT-7jEM6hg2vP9Q,tfb2yKBVaOM,,2023-06-07 16:46:41.047804
youtube#playlistItem,ZeRryZ6WNe0xhJnAuTvKBqr5P7A,VVVDbWgzbkpheVQtN2pFTTZoZzJ2UDlRLnpSekpMZTJuWUxN,"{'publishedAt': '2022-08-05T21:00:33Z', 'channelId': 'UCCmh3nJayT-7jEM6hg2vP9Q', 'title': 'Como a internet tem definido eleições e te manipulado ideologicamente', 'description': 'Nada nem ninguém no planeta tem mais informações sobre você do que a internet: O que você pesquisa, o que você curte, os vídeos que assiste, o restaurante que você quer ir,o que você já comeu, a pessoa que você paquera e stalkeia, seu gosto musical, sua tendência política até a próxima compra que você vai fazer. Tudo isso pode,e é, usado pra te manipular e não só te indicando produtos pra comprar, mas também pra te induzir ideologicamente. Depois de muitos meses sem conteúdo aqui no youtube VEIO AÍ vídeo novo. E o tema é: Como a internet tem nos manipulado ideologicamente.  \n\nFONTES E INDICAÇÕES\nLivros: \n-Manipulados: como a Cambridge Analytica e o Facebook invadiram a privacidade de milhões e botaram a democracia em xeque  (Brittany Kaiser)\n-Colonialismo Digital: por uma crítica hacker-fanoniana  (Deivison Faustino e Walter Lippold)\n-Mindf*ck: Cambridge Analytica. La trama para desestabilizar el mundo (Edição Espanhola) \n-O caso Cambridge Analytica  (Gabriel Souza da Silva)\n--Teoria do Jornalismo. São Paulo: Contexto, 2005. (Felipe Pena)\n -Colonialismo de dados  ORGANIZADORES: João FranciscoCassino Joyce Souza SérgioAmadeu da Silveira \n\n FONTES: \n""Vamos dar golpe em quem quisermos"", diz Elon Musk, dono da Tesla, sobre a Bolívia  \nhttps://www.brasildefato.com.br/2020/07/25/vamos-dar-golpe-em-quem-quisermos-elon-musk-dono-da-tesla-sobre-a-bolivia \n\n-PESQUISA: LORD, Charles G.; ROSS, Lee; LEPPER, Mark R. Biased assimilation and attitude polarization: The effects of prior theories on subsequently considered evidence. Journal of Personality and Social Psychology, 1979. Disponível em: https://doi.org/10.1037/0022-3514.37.11.2098 Acesso em: 4 de jan. de 2020. \n\n-Perfil Psicométrico: Persuasão pela Personalidade nas Eleições: https://ourdataourselves.tacticaltech.org/posts/psychometric-profiling-pt/ \nFestinger, L. (1957). A theory of cognitive dissonance (Vol. 2): Stanford university press.  \n-Este artigo nunca será viral \nhttps://brasil.elpais.com/brasil/2015/02/06/internacional/1423226797_792858.html \nVídeos:\n-Live: Colonialismo Digital com Deivison Faustino e Walter Lippold \n- Lançamento do livro  (canal: Assim disse o João)\n-Os piões somos nós (canal: Senhorita Bira)\n-Como conversar com as pessoas? Nunca mais perca um amigo ou familiar! (canal: Bem vivendo)\n-Pobre de direita (Chavoso da USP)', 'thumbnails': {'default': {'url': 'https://i.ytimg.com/vi/zRzJLe2nYLM/default.jpg', 'width': 120, 'height': 90}, 'medium': {'url': 'https://i.ytimg.com/vi/zRzJLe2nYLM/mqdefault.jpg', 'width': 320, 'height': 180}, 'high': {'url': 'https://i.ytimg.com/vi/zRzJLe2nYLM/hqdefault.jpg', 'width': 480, 'height': 360}, 'standard': {'url': 'https://i.ytimg.com/vi/zRzJLe2nYLM/sddefault.jpg', 'width': 640, 'height': 480}, 'maxres': {'url': 'https://i.ytimg.com/vi/zRzJLe2nYLM/maxresdefault.jpg', 'width': 1280, 'height': 720}}, 'channelTitle': 'Laura Sabino', 'playlistId': 'UUCmh3nJayT-7jEM6hg2vP9Q', 'position': 4, 'resourceId': {'kind': 'youtube#video', 'videoId': 'zRzJLe2nYLM'}, 'videoOwnerChannelTitle': 'Laura Sabino', 'videoOwnerChannelId': 'UCCmh3nJayT-7jEM6hg2vP9Q'}",,,UCCmh3nJayT-7jEM6hg2vP9Q,Laura Sabino,2022-08-05T21:00:33Z,UUCmh3nJayT-7jEM6hg2vP9Q,zRzJLe2nYLM,,2023-06-07 16:46:41.047804
youtube#playlistItem,sW1vkBdpkk-7oNVfl-31GY8Y9ps,VVVDbWgzbkpheVQtN2pFTTZoZzJ2UDlRLmZmdFpMU19zVjcw,"{'publishedAt': '2022-05-03T18:28:24Z', 'channelId': 'UCCmh3nJayT-7jEM6hg2vP9Q', 'title': 'Como o agro dominou a indústria musical brasileira com o Sertanejo', 'description': 'APOIE O CANAL LAURA SABINO: https://apoia.se/canallaurasabino\nNo vídeo de hoje expliquei como o sertanejo universitário se tornou o gênero musical mas tocado no Brasil e como o agronegócio construiu  esse cenário de maneira extremamente elaborada. \n\nFontes e indicações: \n-Agronegócio e indústria Cultura: Estratégias das empresas para a construção da hegemonia  (Ana Chã)\n-COLEÇÃO: A Questão Agrária no Brasil  (João Pedro Stedile)\n-A função social da terra (Carlos Marés)\n-artigo “O agro não é tech, o agro não é pop e muito menos tudo”, realizado pela Associação Brasileira de Reforma Agrária (Abra) com apoio da fundação Friedrich-Ebert-Stiftung Brasil e recém publicado, os geógrafos Marco Antonio Mitidiero Junior e Yamila Goldfarb desmascaram a versão de que agronegócio é a maior força econômica do Brasil. \nhttp://library.fes.de/pdf-files/bueros/brasilien/18319.pdf\n-Lei Rouanet dos sertanejos, Festas do Peão são a causa do apoio de cantores a Bolsonaro https://www.diariodocentrodomundo.com.br/lei-rouanet-dos-sertanejos-festas-do-peao-sao-a-causa-do-apoio-de-cantores-a-bolsonaro/\n-Dados do Pronaf - Programa Nacional de Fortalecimento da Agricultura Familiar  https://www.bndes.gov.br/wps/portal/site/home/financiamento/produto/pronaf\n-Dados A desigualdade na distribuição dos créditos retirados da Receita Federal do Brasil: https://ojoioeotrigo.com.br/2021/10/os-numeros-mostram-agronegocio-recebe-muitos-recursos-e-contribui-pouco-para-o-pais/#:~:text=Os%20dados%20da%20tabela%20mostram,o%20agro%20134%2C8%20bilh%C3%B5es.\n-Comparativos de investimentos baseado em dados do PRONAF e Receita federal https://www.brasildefato.com.br/2021/12/17/produtor-familiar-de-arroz-e-feijao-recebeu-apenas-2-5-de-recursos-do-pronaf-soja-recebeu-26', 'thumbnails': {'default': {'url': 'https://i.ytimg.com/vi/fftZLS_sV70/default.jpg', 'width': 120, 'height': 90}, 'medium': {'url': 'https://i.ytimg.com/vi/fftZLS_sV70/mqdefault.jpg', 'width': 320, 'height': 180}, 'high': {'url': 'https://i.ytimg.com/vi/fftZLS_sV70/hqdefault.jpg', 'width': 480, 'height': 360}, 'standard': {'url': 'https://i.ytimg.com/vi/fftZLS_sV70/sddefault.jpg', 'width': 640, 'height': 480}, 'maxres': {'url': 'https://i.ytimg.com/vi/fftZLS_sV70/maxresdefault.jpg', 'width': 1280, 'height': 720}}, 'channelTitle': 'Laura Sabino', 'playlistId': 'UUCmh3nJayT-7jEM6hg2vP9Q', 'position': 5, 'resourceId': {'kind': 'youtube#video', 'videoId': 'fftZLS_sV70'}, 'videoOwnerChannelTitle': 'Laura Sabino', 'videoOwnerChannelId': 'UCCmh3nJayT-7jEM6hg2vP9Q'}",,,UCCmh3nJayT-7jEM6hg2vP9Q,Laura Sabino,2022-05-03T18:28:24Z,UUCmh3nJayT-7jEM6hg2vP9Q,fftZLS_sV70,,2023-06-07 16:46:41.047804
youtube#playlistItem,a1KY8c_mYSD7AaMyWZtUlhuV-Js,VVVDbWgzbkpheVQtN2pFTTZoZzJ2UDlRLmVFZlc1eFZWUV9F,"{'publishedAt': '2022-02-07T18:29:49Z', 'channelId': 'UCCmh3nJayT-7jEM6hg2vP9Q', 'title': 'Temos que falar sobre o desastre chamado Novo Ensino Médio (reforma do ensino médio)', 'description': ""APOIE O CANAL LAURA SABINO: https://apoia.se/canallaurasabino\n\nfontes e indicações:\nA reforma do Ensino Médio e a produção de desigualdades na educação escolar (https://periodicos.ufsm.br/reveducacao/article/view/34731/pdf)\n\n\nREFORMA DO ENSINO MÉDIO NO CONTEXTO DA\nMEDIDA PROVISÓRIA746/2016: ESTADO,\nCURRÍCULO E DISPUTAS POR HEGEMONIA : (https://www.scielo.br/j/es/a/LkC9k3GXWjMW37FTtfSsKTq/?format=pdf&lang=pt)\n\n\nQuem financia o ''movimento pela base''?\nhttps://movimentopelabase.org.br/quem-somos/ \n\nPesquisa aponta que maioria dos jovens brasileiros concilia trabalho e estudo : https://educacaointegral.org.br/reportagens/pesquisa-aponta-maioria-dos-jovens-brasileiros-concilia-trabalho-estudo/ \n\nhttps://www.extraclasse.org.br/opiniao/2019/09/quais-sao-os-interesses-das-fundacoes-e-institutos-empresariais-com-a-bncc-e-o-novo-ensino-medio/ \n\nMEC NOVO ENSNO MEDIO: http://portal.mec.gov.br/publicacoes-para-professores/30000-uncategorised/40361-novo-ensino-medio-duvidas \n\nENTREVISTA SOBRE O NOVO ENSINO MEDIO https://www.cnte.org.br/index.php/menu/comunicacao/posts/educacao-na-midia/74541-novo-ensino-medio-pais-adota-neste-ano-a-mais-perversa-das-reformas"", 'thumbnails': {'default': {'url': 'https://i.ytimg.com/vi/eEfW5xVVQ_E/default.jpg', 'width': 120, 'height': 90}, 'medium': {'url': 'https://i.ytimg.com/vi/eEfW5xVVQ_E/mqdefault.jpg', 'width': 320, 'height': 180}, 'high': {'url': 'https://i.ytimg.com/vi/eEfW5xVVQ_E/hqdefault.jpg', 'width': 480, 'height': 360}, 'standard': {'url': 'https://i.ytimg.com/vi/eEfW5xVVQ_E/sddefault.jpg', 'width': 640, 'height': 480}, 'maxres': {'url': 'https://i.ytimg.com/vi/eEfW5xVVQ_E/maxresdefault.jpg', 'width': 1280, 'height': 720}}, 'channelTitle': 'Laura Sabino', 'playlistId': 'UUCmh3nJayT-7jEM6hg2vP9Q', 'position': 6, 'resourceId': {'kind': 'youtube#video', 'videoId': 'eEfW5xVVQ_E'}, 'videoOwnerChannelTitle': 'Laura Sabino', 'videoOwnerChannelId': 'UCCmh3nJayT-7jEM6hg2vP9Q'}",,,UCCmh3nJayT-7jEM6hg2vP9Q,Laura Sabino,2022-02-07T18:29:49Z,UUCmh3nJayT-7jEM6hg2vP9Q,eEfW5xVVQ_E,,2023-06-07 16:46:41.047804
youtube#playlistItem,5K11wmm3z4Lx6wb4g4-1T8saRe8,VVVDbWgzbkpheVQtN2pFTTZoZzJ2UDlRLnRLWllVUnRHd1FR,"{'publishedAt': '2022-01-08T19:22:52Z', 'channelId': 'UCCmh3nJayT-7jEM6hg2vP9Q', 'title': 'Como KPop, O parasita e Round 6 mostram uma Coreia que a mídia tenta esconder', 'description': ""APOIE O CANAL LAURA SABINO\nhttps://apoia.se/canallaurasabino\n\nAs produções culturais sul Coreanas fazem parte de uma forte campanha e projeto do governo coreano em parceria com os estados Unidos.  N entanto, o que eles não contavam é que a produção sul coreanas também seriam os principais meios pra denunciar a existência de uma coreia do sul que a mídia tenta esconder. No vídeo de hoje  falamos sobre como a onda sul coreana com grandes produções como Round 6,O parasita e bandas kpop, tem revelado mais sobre a Coreia do que os grandes veículos de comunicação    \n\nIndicações e referencias:\n\nLivro: A Revolução Coreana (Professor Paulo Visentini) \nLivro: Sobre a Ideia Juche (KIM JONG IL)\nlivro: A Guerra da Coreia - Nem Vencedores Nem Vencidos\nStanley Sandler\n\nA Coreia do Sul é o país  ''desenvolvido'' com maiores números de su*cídi*s. Fonte: Organização para a Cooperação e o Desenvolvimento Econômico (OCDE)\nTrês em cada quatro jovens entre 19 e 34 anos querem deixar o país (The Hankyoreh.)\nntre os países da OCDE, a Coreia do Sul tem uma das maiores taxas de tensão no ambiente de trabalho: 51% dos trabalhadores dizem que trabalham mais do que deveriam. (OCDE)\nNos últimos 15 anos, a percentagem de crianças que pensam que devem cuidar de seus pais caiu de 90% para 37% (The Hankyoreh e dados do proprio governo) \n\nCoreia do Sul: a república do su*cídi* (https://noticias.uol.com.br/ultimas-noticias/efe/2015/09/18/coreia-do-sul-a-republica-do-suicidio.htm?cmpid=copiaecola) \nO lado obscuro da Coreia do Sul, descrita como 'modelo' a ser seguido pelo Brasil (https://www.bbc.com/portuguese/internacional-51450570)\n\nNa rica Coreia do Sul, idosos são abandonados (https://oglobo.globo.com/mundo/na-rica-coreia-do-sul-idosos-sao-abandonados-na-pobreza-11387405)\nA própria abril (do qual é dona da Veja) admite as fake news sobre a Coreia do Norte que já divulgou https://super.abril.com.br/sociedade/7-noticias-falsas-da-coreia-do-norte-em-que-todo-mundo-acreditou/\n\nMais um site associado a uol posta sobre os boatos e fake news difundidos sobre a coreia do norte https://aventurasnahistoria.uol.com.br/noticias/almanaque/historia-5-mitos-sobre-coreia-do-norte.phtml"", 'thumbnails': {'default': {'url': 'https://i.ytimg.com/vi/tKZYURtGwQQ/default.jpg', 'width': 120, 'height': 90}, 'medium': {'url': 'https://i.ytimg.com/vi/tKZYURtGwQQ/mqdefault.jpg', 'width': 320, 'height': 180}, 'high': {'url': 'https://i.ytimg.com/vi/tKZYURtGwQQ/hqdefault.jpg', 'width': 480, 'height': 360}, 'standard': {'url': 'https://i.ytimg.com/vi/tKZYURtGwQQ/sddefault.jpg', 'width': 640, 'height': 480}, 'maxres': {'url': 'https://i.ytimg.com/vi/tKZYURtGwQQ/maxresdefault.jpg', 'width': 1280, 'height': 720}}, 'channelTitle': 'Laura Sabino', 'playlistId': 'UUCmh3nJayT-7jEM6hg2vP9Q', 'position': 7, 'resourceId': {'kind': 'youtube#video', 'videoId': 'tKZYURtGwQQ'}, 'videoOwnerChannelTitle': 'Laura Sabino', 'videoOwnerChannelId': 'UCCmh3nJayT-7jEM6hg2vP9Q'}",,,UCCmh3nJayT-7jEM6hg2vP9Q,Laura Sabino,2022-01-08T19:22:52Z,UUCmh3nJayT-7jEM6hg2vP9Q,tKZYURtGwQQ,,2023-06-07 16:46:41.047804
youtube#playlistItem,PH1B_6NWhIicApru9BSX-2z8Glg,VVVDbWgzbkpheVQtN2pFTTZoZzJ2UDlRLnFYck1LazRPSjI4,"{'publishedAt': '2021-11-22T17:13:54Z', 'channelId': 'UCCmh3nJayT-7jEM6hg2vP9Q', 'title': 'Quem foi Marighella e por que ele incomoda a direita?', 'description': 'APOIE O CANAL LAURA SABINO https://apoia.se/canallaurasabino\n\nNas últimas semanas o nome de Carlos Marighella se tornou  manchete no Brasil e no mundo. Gravado em 2017, o filme ‘Marighella’ estreou nos cinemas e muitas polemicas surgiram. No vídeo de hoje falei sobre o que achei do filme, sobre as principais polemicas e contei um pouco da vida desse importante revolucionário. Afinal de contas, quem foi Marighella e por que ele incomoda a direita?\nFONTES E INDICAÇÕES:\n-Marighella: O guerrilheiro que incendiou o mundo (Mário Magalhães)\n-Marighella: O inimigo número um da ditadura militar (Eliano José)\n- Viagem A Luta Armada \n-  Infância Roubada: crianças atingidas pela Ditadura no Brasil\n- Documentário: ""Atordoado, Eu Permaneço Atento""\n-Documentário: ""Cativeiro sem fim ""\n-Comissão da verdade\n-Minimanual do Guerrilheiro Urbano (Carlos Marighella)\n-Chamamento ao povo brasileiro e outros escritos (Carlos Marighella)\n-Poemas Carlos Marighella', 'thumbnails': {'default': {'url': 'https://i.ytimg.com/vi/qXrMKk4OJ28/default.jpg', 'width': 120, 'height': 90}, 'medium': {'url': 'https://i.ytimg.com/vi/qXrMKk4OJ28/mqdefault.jpg', 'width': 320, 'height': 180}, 'high': {'url': 'https://i.ytimg.com/vi/qXrMKk4OJ28/hqdefault.jpg', 'width': 480, 'height': 360}, 'standard': {'url': 'https://i.ytimg.com/vi/qXrMKk4OJ28/sddefault.jpg', 'width': 640, 'height': 480}, 'maxres': {'url': 'https://i.ytimg.com/vi/qXrMKk4OJ28/maxresdefault.jpg', 'width': 1280, 'height': 720}}, 'channelTitle': 'Laura Sabino', 'playlistId': 'UUCmh3nJayT-7jEM6hg2vP9Q', 'position': 8, 'resourceId': {'kind': 'youtube#video', 'videoId': 'qXrMKk4OJ28'}, 'videoOwnerChannelTitle': 'Laura Sabino', 'videoOwnerChannelId': 'UCCmh3nJayT-7jEM6hg2vP9Q'}",,,UCCmh3nJayT-7jEM6hg2vP9Q,Laura Sabino,2021-11-22T17:13:54Z,UUCmh3nJayT-7jEM6hg2vP9Q,qXrMKk4OJ28,,2023-06-07 16:46:41.047804
youtube#playlistItem,8yw3CejS3cco8MznGX6Tgc2RYWc,VVVDbWgzbkpheVQtN2pFTTZoZzJ2UDlRLm1BaFZ3T2MtWUZF,"{'publishedAt': '2021-10-20T19:52:59Z', 'channelId': 'UCCmh3nJayT-7jEM6hg2vP9Q', 'title': 'Nós vamos invadir seu lote? part Silvio Netto', 'description': 'APOIE O CANAL LAURA SABINO: https://apoia.se/canallaurasabino\nQuais terras o MST ocupa? O MST é socialista? Como ajudar o MST?\nO MST invade terras?\nNo video de hoje eu recebi meu dirigente e amigo Silvio  Netto (morador do acampamento Quilombo Campo Grande e dirigente Estadual do MST) pra responder essa e outras dúvidas de vocês sobre o MST.', 'thumbnails': {'default': {'url': 'https://i.ytimg.com/vi/mAhVwOc-YFE/default.jpg', 'width': 120, 'height': 90}, 'medium': {'url': 'https://i.ytimg.com/vi/mAhVwOc-YFE/mqdefault.jpg', 'width': 320, 'height': 180}, 'high': {'url': 'https://i.ytimg.com/vi/mAhVwOc-YFE/hqdefault.jpg', 'width': 480, 'height': 360}, 'standard': {'url': 'https://i.ytimg.com/vi/mAhVwOc-YFE/sddefault.jpg', 'width': 640, 'height': 480}, 'maxres': {'url': 'https://i.ytimg.com/vi/mAhVwOc-YFE/maxresdefault.jpg', 'width': 1280, 'height': 720}}, 'channelTitle': 'Laura Sabino', 'playlistId': 'UUCmh3nJayT-7jEM6hg2vP9Q', 'position': 9, 'resourceId': {'kind': 'youtube#video', 'videoId': 'mAhVwOc-YFE'}, 'videoOwnerChannelTitle': 'Laura Sabino', 'videoOwnerChannelId': 'UCCmh3nJayT-7jEM6hg2vP9Q'}",,,UCCmh3nJayT-7jEM6hg2vP9Q,Laura Sabino,2021-10-20T19:52:59Z,UUCmh3nJayT-7jEM6hg2vP9Q,mAhVwOc-YFE,,2023-06-07 16:46:41.047804
youtube#playlistItem,um-oBKHfRd6PQvESmrfEq_YeysI,VVVDbWgzbkpheVQtN2pFTTZoZzJ2UDlRLnBta2lHZVBjNHlj,"{'publishedAt': '2021-10-06T19:44:28Z', 'channelId': 'UCCmh3nJayT-7jEM6hg2vP9Q', 'title': 'Capitalismo não reduziu a fome no mundo', 'description': 'APOIE O CANAL LAURA SABINO: https://apoia.se/canallaurasabino \nFala pessoal, sempre que posto video para o quadro ""respondendo a direita"" leio que eu deveria estar com um canal de maquiagem e não de politica. Resolvi seguir o conselho dos bolsominions e hoje vim refutar Olavo de Carvalho e Instituto Mises. Afinal de contas, o capitalismo está acabando com a fome no mundo? A resposta é: Não\n\nFontes e indicações: \n\nOs despossuidos (Karl Marx) \n\nA história da riqueza do mundo (Leo Huberman) \n\nA sociedade feudal (Marc Bloch) \n\nLEIAM SOBRE O CASO JULIAN ASSANGE: Julgamento: https://www.brasildefato.com.br/minuto-a-minuto/julgamento-de-julian-assange ,  a denuncia feita por Assange :https://www.brasildefato.com.br/2020/11/30/dez-anos-das-revelacoes-documentais-do-wikileaks-nos-estados-unidos , CIA planejou sequestrar e ass*ss*n*r  Julian Assange (https://www.brasildefato.com.br/2021/09/27/cia-planejou-sequestrar-e-assassinar-julian-assange-diz-site) \n\nA Transição do feudalismo para o capitalismo (Paul Sweezy) \n\nRanking revela que EUA é o 2º pior país do mundo para criar uma família (Asher & Lyric) \n\nChina responsavel por 70% da diminuição da misera (Fonte:Banco mundial) \nChina retirou 800 milhões de pessoas na fome,sendo 100 milhões nos ultimos 8 anos ( Fonte:Relatório da Riqueza Global 2021 do Credit Suisse) \n\nChina alimenta 20% da população mundial com apenas 9% (Fonte:ONU) \n\nBill Gates says poverty is decreasing. He couldn’t be more wrong   Jason Hickel  (https://www.theguardian.com/commentisfree/2019/jan/29/bill-gates-davos-global-poverty-infographic-neoliberal) \n\n \n\n46% da população mundial, vivem com menos de 5,50 dólares por dia (Banco Mundial) \n\nEstimativas do bando mundial q foram usados pra construção do gráfico da our World in Data (https://www.worldbank.org/pt/publication/global-economic-prospects) \n\nA fome que atinge 54 milhões de pessoas nos EUA: \'Só comparável à Grande Depressão\' (BBC) \n\nEUA têm os piores índices de pobreza do “mundo desenvolvido” (FONTE: ONU e OCDE) \n\n \n\nEnquanto 11% das crianças brancas nos EUA vivem na pobreza, essa taxa chega a 32% para crianças negras e 26% para crianças latinas (Fonte: Ultimo senso do Centro de Dados Kids Count). \n\nTextos que rebati e li no video: \n\nInstituto Mises “Para erradicar a pobreza, mais capitalismo” (https://www.mises.org.br/Article.aspx?id=2788) \n\nO minimo que você precisa saber p não ser um idiota e A miseria do mundo', 'thumbnails': {'default': {'url': 'https://i.ytimg.com/vi/pmkiGePc4yc/default.jpg', 'width': 120, 'height': 90}, 'medium': {'url': 'https://i.ytimg.com/vi/pmkiGePc4yc/mqdefault.jpg', 'width': 320, 'height': 180}, 'high': {'url': 'https://i.ytimg.com/vi/pmkiGePc4yc/hqdefault.jpg', 'width': 480, 'height': 360}, 'standard': {'url': 'https://i.ytimg.com/vi/pmkiGePc4yc/sddefault.jpg', 'width': 640, 'height': 480}, 'maxres': {'url': 'https://i.ytimg.com/vi/pmkiGePc4yc/maxresdefault.jpg', 'width': 1280, 'height': 720}}, 'channelTitle': 'Laura Sabino', 'playlistId': 'UUCmh3nJayT-7jEM6hg2vP9Q', 'position': 10, 'resourceId': {'kind': 'youtube#video', 'videoId': 'pmkiGePc4yc'}, 'videoOwnerChannelTitle': 'Laura Sabino', 'videoOwnerChannelId': 'UCCmh3nJayT-7jEM6hg2vP9Q'}",,,UCCmh3nJayT-7jEM6hg2vP9Q,Laura Sabino,2021-10-06T19:44:28Z,UUCmh3nJayT-7jEM6hg2vP9Q,pmkiGePc4yc,,2023-06-07 16:46:41.047804
youtube#playlistItem,ch7OGIiR1jseo8uQQaNVuLTn09c,VVVDbWgzbkpheVQtN2pFTTZoZzJ2UDlRLlo4d2c5eG5GZFk0,"{'publishedAt': '2021-09-22T20:34:46Z', 'channelId': 'UCCmh3nJayT-7jEM6hg2vP9Q', 'title': 'O que é social democracia e por que não sou social democrata?', 'description': 'APOIE O CANAL LAURA SABINO: https://apoia.se/canallaurasabino\nNo vídeo de hoje falamos sobre social democracia e socialismo. O que é social democracia? Quais os limites da social democracia? E como foram as experiências de social democracia  nos países nórdicos.\n\nFontes e indicações:\nO sonho da social-democracia na Suécia chegou ao fim? Por Göran Therborn (https://revistaopera.com.br/2019/11/30/o-sonho-da-social-democracia-na-suecia-chegou-ao-fim/)\nNoruega é maior acionista de mineradora denunciada por contaminação na Amazônia\n(https://www.bbc.com/portuguese/brasil-40423002)\nTrabalho escravo na Suiça\n(https://blogs.oglobo.globo.com/ancelmo/post/jornalista-prepara-documentario-sobre-trabalho-escravo-infantil-na-suica.html)\nAs limitações do reformismo.Por: Kjell Östberg \n(https://jacobin.com.br/2020/10/o-fim-do-reformista/)\nA social-democracia é boa, mas não é o suficiente. Por:Bhaskar Sunkara e Joseph M. Schwartz (https://jacobin.com.br/2019/11/a-social-democracia-e-boa-mas-nao-e-o-suficiente/)', 'thumbnails': {'default': {'url': 'https://i.ytimg.com/vi/Z8wg9xnFdY4/default.jpg', 'width': 120, 'height': 90}, 'medium': {'url': 'https://i.ytimg.com/vi/Z8wg9xnFdY4/mqdefault.jpg', 'width': 320, 'height': 180}, 'high': {'url': 'https://i.ytimg.com/vi/Z8wg9xnFdY4/hqdefault.jpg', 'width': 480, 'height': 360}, 'standard': {'url': 'https://i.ytimg.com/vi/Z8wg9xnFdY4/sddefault.jpg', 'width': 640, 'height': 480}, 'maxres': {'url': 'https://i.ytimg.com/vi/Z8wg9xnFdY4/maxresdefault.jpg', 'width': 1280, 'height': 720}}, 'channelTitle': 'Laura Sabino', 'playlistId': 'UUCmh3nJayT-7jEM6hg2vP9Q', 'position': 11, 'resourceId': {'kind': 'youtube#video', 'videoId': 'Z8wg9xnFdY4'}, 'videoOwnerChannelTitle': 'Laura Sabino', 'videoOwnerChannelId': 'UCCmh3nJayT-7jEM6hg2vP9Q'}",,,UCCmh3nJayT-7jEM6hg2vP9Q,Laura Sabino,2021-09-22T20:34:46Z,UUCmh3nJayT-7jEM6hg2vP9Q,Z8wg9xnFdY4,,2023-06-07 16:46:41.047804
youtube#playlistItem,mLQdbTc-pn3YydFu8BoR_4CjtmI,VVVDbWgzbkpheVQtN2pFTTZoZzJ2UDlRLjkyam1uNjNBOTgw,"{'publishedAt': '2021-08-05T17:30:00Z', 'channelId': 'UCCmh3nJayT-7jEM6hg2vP9Q', 'title': 'BANDEIRANTES', 'description': 'APOIE O CANAL LAURA SABINO:https://apoia.se/canallaurasabino\nQuem foram os bandeirantes?  Quem foi Borba Gato?  O que os históriadores pensam da queima de estatuas e monumentos?\nIndicações \n\nBandeirantes: Os Comandos da Morte  (Assis Brasil) \n\nBandeirismo: verso e reverso (Carlos Davidoff.) \n\nCOLONIZAÇÃO DOS CORPOS: ENSAIO SOBRE O PÚBLICO E O PRIVADO. PATRIARCALISMO,PATRIMONIALISMO, PERSONALISMO E VIOLÊNCIA CONTRA AS MULHERES NA FORMAÇÃO DO BRASIL (Marina Bosso Lacerda) \n\n\nFontes utilizadas no video:  \n\nSílvia Lopes Raimundo, « Bandeirantismo e identidade nacional », Terra Brasilis [Online], 6 | 2004, posto online no dia 05 novembro 2012, consultado o 02 agosto 2021. URL : http://journals.openedition.org/terrabrasilis/375 ; DOI : https://doi.org/10.4000/terrabrasilis.375 \n\n“Os donos do poder” Faoro (1997) \n\nARTIGO: “As bandeiras na expansão Geográfica do Brasil”  (Myrrian Ellis)  \n\nDOCUMENTO: Cronicas de Conquista espiritual hecha por los religiosos de la Compañía de Jesús en las provincias del Paraguay, Paraná, Uruguay y Tape, o (padre  Ruiz de Montoya) \n\nAnalise documental http://www.siaapm.cultura.mg.gov.br/acervo/rapm_pdf/1685.pdf', 'thumbnails': {'default': {'url': 'https://i.ytimg.com/vi/92jmn63A980/default.jpg', 'width': 120, 'height': 90}, 'medium': {'url': 'https://i.ytimg.com/vi/92jmn63A980/mqdefault.jpg', 'width': 320, 'height': 180}, 'high': {'url': 'https://i.ytimg.com/vi/92jmn63A980/hqdefault.jpg', 'width': 480, 'height': 360}, 'standard': {'url': 'https://i.ytimg.com/vi/92jmn63A980/sddefault.jpg', 'width': 640, 'height': 480}, 'maxres': {'url': 'https://i.ytimg.com/vi/92jmn63A980/maxresdefault.jpg', 'width': 1280, 'height': 720}}, 'channelTitle': 'Laura Sabino', 'playlistId': 'UUCmh3nJayT-7jEM6hg2vP9Q', 'position': 12, 'resourceId': {'kind': 'youtube#video', 'videoId': '92jmn63A980'}, 'videoOwnerChannelTitle': 'Laura Sabino', 'videoOwnerChannelId': 'UCCmh3nJayT-7jEM6hg2vP9Q'}",,,UCCmh3nJayT-7jEM6hg2vP9Q,Laura Sabino,2021-08-05T17:30:00Z,UUCmh3nJayT-7jEM6hg2vP9Q,92jmn63A980,,2023-06-07 16:46:41.047804
youtube#playlistItem,7SfwU49_9g8NWCxahyC6iIytrQw,VVVDbWgzbkpheVQtN2pFTTZoZzJ2UDlRLnhJV0FzMWh5cWJR,"{'publishedAt': '2021-07-20T20:31:15Z', 'channelId': 'UCCmh3nJayT-7jEM6hg2vP9Q', 'title': 'Explicando os embargos econômicos dos EUA contra Cuba', 'description': ""APOIE O CANAL LAURA SABINO: https://apoia.se/canallaurasabino\n\nO que são os embargos e bloqueios contra Cuba e quais os impactos que eles têm pra economia da ilha? Afinal de contas os embargos impedem que apenas os Estados unidos comercializem com Cuba? Qual a parcela de culpa dos embargos para os problemas que Cuba enfrenta? \nNesse vídeo explico como nasceram os embargos e bloqueios econômicos que os Estados Unidos impõe à Cuba  e qual a participação dessas sanções para o colapso que causou as ultimas manifestações na ilha e a campanha SOS Cuba.\n\nFONTES E INDICAÇÕES\nA Ilha (Fernando Morais)\nOs últimos soldados da Guerra Fria: A história dos agentes secretos infiltrados por Cuba em organizações de extrema direita dos Estados Unidos\n(Fernando Morais)\nFidel Castro: biografia a duas vozes ( Ignacio Ramonet)\nFidel e a revolução (Moniz Bandeira)\nCuba e o cameraman\nMemorando Lester Malloy (https://www.canalcaribe.icrt.cu/noticias/memorando-de-lester-mallory/)\nBush aprova plano de US$ 80 mi para 'democratizar' Cuba  (https://www.bbc.com/portuguese/noticias/story/2006/07/060710_cuba_democracia)\nCuba e a emigração (https://www.brasildefato.com.br/2021/04/29/artigo-cuba-e-sua-emigracao-as-pontes-de-amor-que-nos-unem)\n-Cuba ocupa o terceiro lugar em todo continente americano, com expectativa de vida de 76 anos para os homens e 80 para mulheres (OMS)\n-Sistema educativo cubano é o melhor da América Latina (Banco Mundial)\n-EUA privam Cuba de seringas para o combate à Covid-19 (https://www.cartamaior.com.br/?/Editoria/Pelo-Mundo/Comunidade-internacional-arrecada-seringas-para-Cuba/6/50704)\n\n\n\n\nCuba após a Guerra Fria: mudanças econômicas, nova agenda diplomática e o limitado diálogo com os EUA (https://www.scielo.br/j/rbpi/a/9cT5KfjBBqxP4tMtNpJXFwn/?lang=pt#)"", 'thumbnails': {'default': {'url': 'https://i.ytimg.com/vi/xIWAs1hyqbQ/default.jpg', 'width': 120, 'height': 90}, 'medium': {'url': 'https://i.ytimg.com/vi/xIWAs1hyqbQ/mqdefault.jpg', 'width': 320, 'height': 180}, 'high': {'url': 'https://i.ytimg.com/vi/xIWAs1hyqbQ/hqdefault.jpg', 'width': 480, 'height': 360}, 'standard': {'url': 'https://i.ytimg.com/vi/xIWAs1hyqbQ/sddefault.jpg', 'width': 640, 'height': 480}, 'maxres': {'url': 'https://i.ytimg.com/vi/xIWAs1hyqbQ/maxresdefault.jpg', 'width': 1280, 'height': 720}}, 'channelTitle': 'Laura Sabino', 'playlistId': 'UUCmh3nJayT-7jEM6hg2vP9Q', 'position': 13, 'resourceId': {'kind': 'youtube#video', 'videoId': 'xIWAs1hyqbQ'}, 'videoOwnerChannelTitle': 'Laura Sabino', 'videoOwnerChannelId': 'UCCmh3nJayT-7jEM6hg2vP9Q'}",,,UCCmh3nJayT-7jEM6hg2vP9Q,Laura Sabino,2021-07-20T20:31:15Z,UUCmh3nJayT-7jEM6hg2vP9Q,xIWAs1hyqbQ,,2023-06-07 16:46:41.047804
youtube#playlistItem,Stea8n8_HFowyVfvblubyPgMlkI,VVVDbWgzbkpheVQtN2pFTTZoZzJ2UDlRLk1mUExYeHYxTXVN,"{'publishedAt': '2021-07-05T20:37:09Z', 'channelId': 'UCCmh3nJayT-7jEM6hg2vP9Q', 'title': 'Como silenciosamente Zema tem passado o mesmo projeto de Bolsonaro', 'description': 'Apoie o canal Laura Sabino: https://apoia.se/canallaurasabino \n\nO vídeo de hoje é muito sério porque a gente vai falar sobre o desmonte brutal e silencioso que Romeu Zema (Bolsonaro de sapatenis) tem tentado aplicar em Minas e que futuramente pode ser replicado em todo país. Não é novidade pra ninguém que Zema é um político liberal que aplica medidas que prejudicam os mais pobres e que beneficiam as grandes empreiteiras e mineradoras. Mas o Governo de Minas agora está a um passo de tomar uma decisão catastrófica para os mineiros. Eu to falando do “Regime de Recuperação Fiscal” proposto pelo Governo Federal. A alegação é de que essa é a única forma que Minas conseguiria pagar sua dívida bilionário com a união (uma grande mentira).  \n\nCONHEÇAM DETALHES NO SITE DA CAMAPANHA “MINAS SEM AMARRAS” https://www.minassemamarras.com.br/ \n\nInsta do sindfisco https://www.instagram.com/sindifisco.mg/?hl=pt-br \n\nFacebook: https://www.facebook.com/search/top?q=sindifisco-mg \n\nYoutube da sindfisco: https://www.youtube.com/user/sindifisco', 'thumbnails': {'default': {'url': 'https://i.ytimg.com/vi/MfPLXxv1MuM/default.jpg', 'width': 120, 'height': 90}, 'medium': {'url': 'https://i.ytimg.com/vi/MfPLXxv1MuM/mqdefault.jpg', 'width': 320, 'height': 180}, 'high': {'url': 'https://i.ytimg.com/vi/MfPLXxv1MuM/hqdefault.jpg', 'width': 480, 'height': 360}, 'standard': {'url': 'https://i.ytimg.com/vi/MfPLXxv1MuM/sddefault.jpg', 'width': 640, 'height': 480}}, 'channelTitle': 'Laura Sabino', 'playlistId': 'UUCmh3nJayT-7jEM6hg2vP9Q', 'position': 14, 'resourceId': {'kind': 'youtube#video', 'videoId': 'MfPLXxv1MuM'}, 'videoOwnerChannelTitle': 'Laura Sabino', 'videoOwnerChannelId': 'UCCmh3nJayT-7jEM6hg2vP9Q'}",,,UCCmh3nJayT-7jEM6hg2vP9Q,Laura Sabino,2021-07-05T20:37:09Z,UUCmh3nJayT-7jEM6hg2vP9Q,MfPLXxv1MuM,,2023-06-07 16:46:41.047804
youtube#playlistItem,R2vasXUlVqyvRBwWL31QugOJA3s,VVVDbWgzbkpheVQtN2pFTTZoZzJ2UDlRLk4xSXlCbEFDRkFN,"{'publishedAt': '2021-06-19T03:26:10Z', 'channelId': 'UCCmh3nJayT-7jEM6hg2vP9Q', 'title': 'Boteco Comunista (comemoração de aniversario feat Rita Von Hunty do tempero drag)', 'description': '', 'thumbnails': {'default': {'url': 'https://i.ytimg.com/vi/N1IyBlACFAM/default.jpg', 'width': 120, 'height': 90}, 'medium': {'url': 'https://i.ytimg.com/vi/N1IyBlACFAM/mqdefault.jpg', 'width': 320, 'height': 180}, 'high': {'url': 'https://i.ytimg.com/vi/N1IyBlACFAM/hqdefault.jpg', 'width': 480, 'height': 360}, 'standard': {'url': 'https://i.ytimg.com/vi/N1IyBlACFAM/sddefault.jpg', 'width': 640, 'height': 480}, 'maxres': {'url': 'https://i.ytimg.com/vi/N1IyBlACFAM/maxresdefault.jpg', 'width': 1280, 'height': 720}}, 'channelTitle': 'Laura Sabino', 'playlistId': 'UUCmh3nJayT-7jEM6hg2vP9Q', 'position': 15, 'resourceId': {'kind': 'youtube#video', 'videoId': 'N1IyBlACFAM'}, 'videoOwnerChannelTitle': 'Laura Sabino', 'videoOwnerChannelId': 'UCCmh3nJayT-7jEM6hg2vP9Q'}",,,UCCmh3nJayT-7jEM6hg2vP9Q,Laura Sabino,2021-06-19T03:26:10Z,UUCmh3nJayT-7jEM6hg2vP9Q,N1IyBlACFAM,,2023-06-07 16:46:41.047804
youtube#playlistItem,WQAvYzdFJmrYTyOd_7PfNo5uTOI,VVVDbWgzbkpheVQtN2pFTTZoZzJ2UDlRLlNJemVfZnlTSktj,"{'publishedAt': '2021-05-12T20:31:39Z', 'channelId': 'UCCmh3nJayT-7jEM6hg2vP9Q', 'title': 'Guerra as drogas, violência urbana e treinamento policial', 'description': 'APOIA-SE: https://apoia.se/canallaurasabino\n\nA guerra às drogas é uma farsa. Em vez de se concentrar prioritariamente na luta contra grupos ligados ao tráfico internacional de armas e drogas, as operações militares buscam atacar áreas segregadas dos centros urbanos. As periferias, vilas, favelas e aglomerados se tornaram palco de ações policiais. Trata-se, pois de ações higienistas, já que , que tais territórios são constituídos majoritariamente por pessoas negras e empobrecidas. A execução de 28 pessoas na favela do Jacarezinho, Rio de Janeiro, é um dos exemplos que marcam  a seletividade da guerra ao tráfico, que atingem os empobrecidos de uma sociedade marcada pela ideologia neoliberal.   \n\n\nFONTES E INDICAÇÕES\nPENSAR OU OBEDECER?: Desafio da educação em direitos humanos para os policiais militares (Fabio França) \nPensa numa AK47 (Romario Regis)  [ https://favelaempauta.com/romario-regis-pensa-numa-ak-47-agora-pensa-numa-ak-47-numa-favela/ ]\nEstarão as prisões obsoletas? (Ângela Davis)\n\n Atlas da Violência 2019 \n\n[Tortura e eletrochoque na formação policial] http://g1.globo.com/espirito-santo/noticia/2013/05/video-mostra-policiais-do-es-sendo-eletrocutados-em-treinamento.html \n\n[Queimadura nas mãos e pés na formação policial ]  https://extra.globo.com/casos-de-policia/delegado-conclui-que-houve-tortura-em-treino-da-pm-que-terminou-com-recruta-morto-maldade-gratuita-desnecessaria-11409808.html \n\n[5 mil mortes violentas de crianças] https://g1.globo.com/sp/sao-paulo/noticia/2020/10/18/brasil-teve-quase-5-mil-mortes-violentas-de-criancas-e-adolescentes-em-2019-75percent-eram-negros-revela-anuario.ghtml \n\n[Brasil record de homocidio] https://noticias.uol.com.br/cotidiano/ultimas-noticias/2019/06/05/com-guerra-de-faccoes-brasil-atinge-novo-recorde-de-homicidios-em-2017.htm \n\nhttps://alataj.com.br/editorial/fracasso-guerra-as-drogas  (Consórcio Internacional de Políticas de Drogas (IDPC),) \n\n [Entrevista com o capitão da ROTA sobre a diferença nas abordagens] https://noticias.uol.com.br/cotidiano/ultimas-noticias/2017/08/24/abordagem-no-jardins-e-na-periferia-tem-de-ser-diferente-diz-novo-comandante-da-rota.htm?cmpid=copiaecola \n[Crime de rico crime de pobre]\nhttps://canalcienciascriminais.jusbrasil.com.br/noticias/215543948/crime-de-rico-crime-de-pobre-e-o-sistema-penal#:~:text=O%20mesmo%20acontece%20com%20os,Esses%20sim%20atingem%20os%20ricos!', 'thumbnails': {'default': {'url': 'https://i.ytimg.com/vi/SIze_fySJKc/default.jpg', 'width': 120, 'height': 90}, 'medium': {'url': 'https://i.ytimg.com/vi/SIze_fySJKc/mqdefault.jpg', 'width': 320, 'height': 180}, 'high': {'url': 'https://i.ytimg.com/vi/SIze_fySJKc/hqdefault.jpg', 'width': 480, 'height': 360}, 'standard': {'url': 'https://i.ytimg.com/vi/SIze_fySJKc/sddefault.jpg', 'width': 640, 'height': 480}, 'maxres': {'url': 'https://i.ytimg.com/vi/SIze_fySJKc/maxresdefault.jpg', 'width': 1280, 'height': 720}}, 'channelTitle': 'Laura Sabino', 'playlistId': 'UUCmh3nJayT-7jEM6hg2vP9Q', 'position': 16, 'resourceId': {'kind': 'youtube#video', 'videoId': 'SIze_fySJKc'}, 'videoOwnerChannelTitle': 'Laura Sabino', 'videoOwnerChannelId': 'UCCmh3nJayT-7jEM6hg2vP9Q'}",,,UCCmh3nJayT-7jEM6hg2vP9Q,Laura Sabino,2021-05-12T20:31:39Z,UUCmh3nJayT-7jEM6hg2vP9Q,SIze_fySJKc,,2023-06-07 16:46:41.047804
youtube#playlistItem,x9UylYLSgoHO1Syz180im2BAHqs,VVVDbWgzbkpheVQtN2pFTTZoZzJ2UDlRLm1EMWZ0aTFfeWw0,"{'publishedAt': '2021-04-26T19:44:28Z', 'channelId': 'UCCmh3nJayT-7jEM6hg2vP9Q', 'title': 'Quem foi Paulo Freire e por que ele incomoda a direita?', 'description': 'APOIE O CANAL LAURA SABINO: https://apoia.se/canallaurasabino\nNo vídeo de hoje falamos sobre quem foi Paulo Freire, a importância de sua obra, seu legado e respondemos sobre as constantes acusações da direita: Seria ele um doutrinador que criou a ideia de educação ideológica? Seria ele o responsável pelos males da educação brasileira? \nINDICAÇÕES E FONTES:\nBiografia Paulo Freire: Uma História de Vida ( Ana Maria Araújo Freire)\nCartas para Cristina (Paulo Freire)\nO educador: Um perfil de Paulo Freire (Sergio Haddad)\nConvite à Leitura de Paulo Freire (Moacir Gadotti)\nPedagogia Do oprimido (Paulo Freire)\nPedagogia da Autonomia (Paulo Freire)\nPolitica e educação (Paulo Freire)\nBBC Pedagogia do Oprimido 3 livro mais citado em trabalhos acadêmicos do campo das humanidades  (https://www.bbc.com/portuguese/brasil-46830942)\nPaulo Freire o terceiro autor mais citado em artigos acadêmicos  google acadêmico (FONTE:  Google Scholar )\nEntrevista com o diretor da Rivere High Scool onde ele fala sobre a importância do pensamento freiriano para o colégio (https://www.redebrasilatual.com.br/educacao/2019/01/como-paulo-freire-inspirou-uma-escola-modelo-nos-eua/)', 'thumbnails': {'default': {'url': 'https://i.ytimg.com/vi/mD1fti1_yl4/default.jpg', 'width': 120, 'height': 90}, 'medium': {'url': 'https://i.ytimg.com/vi/mD1fti1_yl4/mqdefault.jpg', 'width': 320, 'height': 180}, 'high': {'url': 'https://i.ytimg.com/vi/mD1fti1_yl4/hqdefault.jpg', 'width': 480, 'height': 360}, 'standard': {'url': 'https://i.ytimg.com/vi/mD1fti1_yl4/sddefault.jpg', 'width': 640, 'height': 480}, 'maxres': {'url': 'https://i.ytimg.com/vi/mD1fti1_yl4/maxresdefault.jpg', 'width': 1280, 'height': 720}}, 'channelTitle': 'Laura Sabino', 'playlistId': 'UUCmh3nJayT-7jEM6hg2vP9Q', 'position': 17, 'resourceId': {'kind': 'youtube#video', 'videoId': 'mD1fti1_yl4'}, 'videoOwnerChannelTitle': 'Laura Sabino', 'videoOwnerChannelId': 'UCCmh3nJayT-7jEM6hg2vP9Q'}",,,UCCmh3nJayT-7jEM6hg2vP9Q,Laura Sabino,2021-04-26T19:44:28Z,UUCmh3nJayT-7jEM6hg2vP9Q,mD1fti1_yl4,,2023-06-07 16:46:41.047804
youtube#playlistItem,SLakR6k4I8CKkCQqkjT2h6Dbch0,VVVDbWgzbkpheVQtN2pFTTZoZzJ2UDlRLlphakZVX3ZEcjI4,"{'publishedAt': '2021-04-04T17:53:57Z', 'channelId': 'UCCmh3nJayT-7jEM6hg2vP9Q', 'title': 'Lepo Lepo é o hino do proletário e eu posso provar', 'description': 'APOIE O CANAL LAURA SABINO: https://apoia.se/canallaurasabino\nOii pessoal, o vídeo de hoje é da playlist mestres do socialismo e  trago aqui um breve introdução sobre o conceito marxista de fetichismo da mercadoria. Espero que gostem!\nReferencias e indicações:\n - A Teoria Marxista do Valor (Isaak Rubin) \n\n-Manifesto Comunista (Karl Marx e Friedrich Engels) \n\n-Teses de Abril (Lenin) \n\n-O Capital vol 1 (Karl Max)\n\nA história da palavra fetiche teve como base o livro ""O currículo como feitiche"" organizado por Tomaz Tadeu da Silva', 'thumbnails': {'default': {'url': 'https://i.ytimg.com/vi/ZajFU_vDr28/default.jpg', 'width': 120, 'height': 90}, 'medium': {'url': 'https://i.ytimg.com/vi/ZajFU_vDr28/mqdefault.jpg', 'width': 320, 'height': 180}, 'high': {'url': 'https://i.ytimg.com/vi/ZajFU_vDr28/hqdefault.jpg', 'width': 480, 'height': 360}, 'standard': {'url': 'https://i.ytimg.com/vi/ZajFU_vDr28/sddefault.jpg', 'width': 640, 'height': 480}, 'maxres': {'url': 'https://i.ytimg.com/vi/ZajFU_vDr28/maxresdefault.jpg', 'width': 1280, 'height': 720}}, 'channelTitle': 'Laura Sabino', 'playlistId': 'UUCmh3nJayT-7jEM6hg2vP9Q', 'position': 18, 'resourceId': {'kind': 'youtube#video', 'videoId': 'ZajFU_vDr28'}, 'videoOwnerChannelTitle': 'Laura Sabino', 'videoOwnerChannelId': 'UCCmh3nJayT-7jEM6hg2vP9Q'}",,,UCCmh3nJayT-7jEM6hg2vP9Q,Laura Sabino,2021-04-04T17:53:57Z,UUCmh3nJayT-7jEM6hg2vP9Q,ZajFU_vDr28,,2023-06-07 16:46:41.047804
youtube#playlistItem,kjmbRM2M7PXznEUNxj3bnL33MnU,VVVDbWgzbkpheVQtN2pFTTZoZzJ2UDlRLm5JVnhrQ2dWNXRn,"{'publishedAt': '2021-03-09T17:36:56Z', 'channelId': 'UCCmh3nJayT-7jEM6hg2vP9Q', 'title': 'O problema da banalização do termo privilégio', 'description': 'APOIE O CANAL LAURA SABINO: https://apoia.se/canallaurasabino\n\nIndicações e creditos:\n\nA sagrada família (Friedrich Engels)\nVideo: Quais são seus privilegios? (Sabrina Fernandes)', 'thumbnails': {'default': {'url': 'https://i.ytimg.com/vi/nIVxkCgV5tg/default.jpg', 'width': 120, 'height': 90}, 'medium': {'url': 'https://i.ytimg.com/vi/nIVxkCgV5tg/mqdefault.jpg', 'width': 320, 'height': 180}, 'high': {'url': 'https://i.ytimg.com/vi/nIVxkCgV5tg/hqdefault.jpg', 'width': 480, 'height': 360}, 'standard': {'url': 'https://i.ytimg.com/vi/nIVxkCgV5tg/sddefault.jpg', 'width': 640, 'height': 480}, 'maxres': {'url': 'https://i.ytimg.com/vi/nIVxkCgV5tg/maxresdefault.jpg', 'width': 1280, 'height': 720}}, 'channelTitle': 'Laura Sabino', 'playlistId': 'UUCmh3nJayT-7jEM6hg2vP9Q', 'position': 19, 'resourceId': {'kind': 'youtube#video', 'videoId': 'nIVxkCgV5tg'}, 'videoOwnerChannelTitle': 'Laura Sabino', 'videoOwnerChannelId': 'UCCmh3nJayT-7jEM6hg2vP9Q'}",,,UCCmh3nJayT-7jEM6hg2vP9Q,Laura Sabino,2021-03-09T17:36:56Z,UUCmh3nJayT-7jEM6hg2vP9Q,nIVxkCgV5tg,,2023-06-07 16:46:41.047804
youtube#playlistItem,Osw_t1n0q5sfweOYaboOqzEJflo,VVVDbWgzbkpheVQtN2pFTTZoZzJ2UDlRLlk5aDRoREZMU0xZ,"{'publishedAt': '2021-02-21T18:27:24Z', 'channelId': 'UCCmh3nJayT-7jEM6hg2vP9Q', 'title': 'O mito do empreendedorismo', 'description': 'APOIE O CANAL LAURA SABINO: https://apoia.se/canallaurasabino\nExiste um mito que assola esse país, e eu não estou falando do Bolsonaro. O vídeo de hoje é pra falar sobre o mito do empreendedorismo que faz o dono de uma hambúrgueria acreditar que pertence a mesma classe social do Silvio Santos e que o que o separa do Elon musk é somente a força de vontade. É papel da esquerda contribuir para a consciência de classe dos comerciantes e alertados do quão destrutiva é a ideia de meritocracia \n\n\nFONTES DOS DADOS CITADOS\n\nhttps://www.sebrae.com.br/Sebrae/Portal%20Sebrae/Anexos/Relat%C3%B3rio%20Executivo%20BRASIL_web.pdf \n\nhttps://ibqp.org.br/gem/?gclid=Cj0KCQiAgomBBhDXARIsAFNyUqOilXDY5Sz09dRHyn5uIP0kIsbq2EJG9R7F8PVsIlZuTgTUQ1lq-PwaAmhVEALw_wcB \n\nhttps://g1.globo.com/economia/noticia/2020/09/10/metade-dos-microempreendedores-esta-recebendo-auxilio-emergencial-diz-sebrae.ghtml \n\nhttps://exame.com/pme/saiba-quanto-um-empreendedor-ganha-no-brasil-de-verdade/ \n\n Leia mais em: https://veja.abril.com.br/economia/seis-em-cada-dez-empresas-fecham-em-cinco-anos-de-atividade-aponta-ibge/', 'thumbnails': {'default': {'url': 'https://i.ytimg.com/vi/Y9h4hDFLSLY/default.jpg', 'width': 120, 'height': 90}, 'medium': {'url': 'https://i.ytimg.com/vi/Y9h4hDFLSLY/mqdefault.jpg', 'width': 320, 'height': 180}, 'high': {'url': 'https://i.ytimg.com/vi/Y9h4hDFLSLY/hqdefault.jpg', 'width': 480, 'height': 360}, 'standard': {'url': 'https://i.ytimg.com/vi/Y9h4hDFLSLY/sddefault.jpg', 'width': 640, 'height': 480}, 'maxres': {'url': 'https://i.ytimg.com/vi/Y9h4hDFLSLY/maxresdefault.jpg', 'width': 1280, 'height': 720}}, 'channelTitle': 'Laura Sabino', 'playlistId': 'UUCmh3nJayT-7jEM6hg2vP9Q', 'position': 20, 'resourceId': {'kind': 'youtube#video', 'videoId': 'Y9h4hDFLSLY'}, 'videoOwnerChannelTitle': 'Laura Sabino', 'videoOwnerChannelId': 'UCCmh3nJayT-7jEM6hg2vP9Q'}",,,UCCmh3nJayT-7jEM6hg2vP9Q,Laura Sabino,2021-02-21T18:27:24Z,UUCmh3nJayT-7jEM6hg2vP9Q,Y9h4hDFLSLY,,2023-06-07 16:46:41.047804
youtube#playlistItem,Gj0Xluoax4LGk0SEo_fIiHYQ_gU,VVVDbWgzbkpheVQtN2pFTTZoZzJ2UDlRLkVHT3VRekctci1j,"{'publishedAt': '2021-01-13T19:00:02Z', 'channelId': 'UCCmh3nJayT-7jEM6hg2vP9Q', 'title': 'Explicando Exercito Industrial de reserva usando O REI LEÃO', 'description': 'APOIE O CANAL LAURA SABINO: https://apoia.se/canallaurasabino\n\nAprender sobre marxismo não é algo fácil. A primeira barreira a ser superada é o preconceito que e a discriminação que existem contra o pensamento de Karl Marx. Para muitos, o pensador alemão é um ser abjeto, que busca corromper mentes e corações de jovens e adolescentes. Grosso modo, os detratores de Marx buscam escamotear as desigualdades sociais e sua estreita relação com o modo de produção capitalista. A segunda barreira a ser superada é a compreensão dos conceitos e categorias cunhadas por Marx para examinar o sistema capitalista.  \n\nEssa vídeo, assim como toda playlist, tem como objetivo introduzir temas marxistas de maneira leve utilizando elementos da cultura pop. Nesse vídeo faço uma breve introdução na ideia de ""exercito industrial de reserva"" usando o clássico da Disney ""O rei leão""\n\nFontes e referencias:   \n O capital (Karl Marx)  cap.23  \nDo socialismo utópico ao socialismo científico (Friedrich Engels) \nA Disneyzação da cultura infantil (Henry A. Giroux) \nWashington Post, intitulado ‘The Lion King’ is a fascistic story. No remake can change that. \nWaidah salienta no podcast BitchMedia', 'thumbnails': {'default': {'url': 'https://i.ytimg.com/vi/EGOuQzG-r-c/default.jpg', 'width': 120, 'height': 90}, 'medium': {'url': 'https://i.ytimg.com/vi/EGOuQzG-r-c/mqdefault.jpg', 'width': 320, 'height': 180}, 'high': {'url': 'https://i.ytimg.com/vi/EGOuQzG-r-c/hqdefault.jpg', 'width': 480, 'height': 360}, 'standard': {'url': 'https://i.ytimg.com/vi/EGOuQzG-r-c/sddefault.jpg', 'width': 640, 'height': 480}, 'maxres': {'url': 'https://i.ytimg.com/vi/EGOuQzG-r-c/maxresdefault.jpg', 'width': 1280, 'height': 720}}, 'channelTitle': 'Laura Sabino', 'playlistId': 'UUCmh3nJayT-7jEM6hg2vP9Q', 'position': 21, 'resourceId': {'kind': 'youtube#video', 'videoId': 'EGOuQzG-r-c'}, 'videoOwnerChannelTitle': 'Laura Sabino', 'videoOwnerChannelId': 'UCCmh3nJayT-7jEM6hg2vP9Q'}",,,UCCmh3nJayT-7jEM6hg2vP9Q,Laura Sabino,2021-01-13T19:00:02Z,UUCmh3nJayT-7jEM6hg2vP9Q,EGOuQzG-r-c,,2023-06-07 16:46:41.047804
youtube#playlistItem,kSA9aPhWW5Mlssfo6-cyiooz__I,VVVDbWgzbkpheVQtN2pFTTZoZzJ2UDlRLm9LZ1F6YlYxRHpF,"{'publishedAt': '2020-12-04T03:35:26Z', 'channelId': 'UCCmh3nJayT-7jEM6hg2vP9Q', 'title': '#Live - Boteco Comunista part Jones Manoel,Zamiliano e Audiono Vilão| 09', 'description': 'APOIE O CANAL LAURA SABINO: https://apoia.se/canallaurasabino \nMe siga nas outras redes: \nTwitter: https://twitter.com/mylaura_m\nInstagram:https://www.instagram.com/mylaura_m/?hl=pt-br\nArte da thumb: @geovanedesenheiro\n\n•  Conheça o trabalho dos camaradas:\nDoutora drag:https://www.youtube.com/channel/UCcgl8D1QAwAmZekgv1-BaQg\nChavoso da USP: https://www.youtube.com/channel/UCKWus46Vy8gwf1rRLu4II0w\nSem mais senhores: https://www.youtube.com/channel/UCXWqRba7crDDQnTvet9I1vQ\nNa raiz:https://www.youtube.com/channel/UCRxJP6a-ZisisT-Xknobgng\nDialetizando https://www.youtube.com/channel/UChajxhJ0DHLprvveD4IFUTw\nJones Manoel: https://www.youtube.com/channel/UC02coXfDPjEmU8uDT2G8Z2A', 'thumbnails': {'default': {'url': 'https://i.ytimg.com/vi/oKgQzbV1DzE/default.jpg', 'width': 120, 'height': 90}, 'medium': {'url': 'https://i.ytimg.com/vi/oKgQzbV1DzE/mqdefault.jpg', 'width': 320, 'height': 180}, 'high': {'url': 'https://i.ytimg.com/vi/oKgQzbV1DzE/hqdefault.jpg', 'width': 480, 'height': 360}, 'standard': {'url': 'https://i.ytimg.com/vi/oKgQzbV1DzE/sddefault.jpg', 'width': 640, 'height': 480}, 'maxres': {'url': 'https://i.ytimg.com/vi/oKgQzbV1DzE/maxresdefault.jpg', 'width': 1280, 'height': 720}}, 'channelTitle': 'Laura Sabino', 'playlistId': 'UUCmh3nJayT-7jEM6hg2vP9Q', 'position': 22, 'resourceId': {'kind': 'youtube#video', 'videoId': 'oKgQzbV1DzE'}, 'videoOwnerChannelTitle': 'Laura Sabino', 'videoOwnerChannelId': 'UCCmh3nJayT-7jEM6hg2vP9Q'}",,,UCCmh3nJayT-7jEM6hg2vP9Q,Laura Sabino,2020-12-04T03:35:26Z,UUCmh3nJayT-7jEM6hg2vP9Q,oKgQzbV1DzE,,2023-06-07 16:46:41.047804
youtube#playlistItem,HZCC_zsMpVOEIgF7ShMYHFNCnvM,VVVDbWgzbkpheVQtN2pFTTZoZzJ2UDlRLmVhc2ptWlBtLTg4,"{'publishedAt': '2020-12-04T01:11:27Z', 'channelId': 'UCCmh3nJayT-7jEM6hg2vP9Q', 'title': 'Transmissão ao vivo de Laura Sabino', 'description': '', 'thumbnails': {'default': {'url': 'https://i.ytimg.com/vi/easjmZPm-88/default_live.jpg', 'width': 120, 'height': 90}, 'medium': {'url': 'https://i.ytimg.com/vi/easjmZPm-88/mqdefault_live.jpg', 'width': 320, 'height': 180}, 'high': {'url': 'https://i.ytimg.com/vi/easjmZPm-88/hqdefault_live.jpg', 'width': 480, 'height': 360}, 'standard': {'url': 'https://i.ytimg.com/vi/easjmZPm-88/sddefault_live.jpg', 'width': 640, 'height': 480}, 'maxres': {'url': 'https://i.ytimg.com/vi/easjmZPm-88/maxresdefault_live.jpg', 'width': 1280, 'height': 720}}, 'channelTitle': 'Laura Sabino', 'playlistId': 'UUCmh3nJayT-7jEM6hg2vP9Q', 'position': 23, 'resourceId': {'kind': 'youtube#video', 'videoId': 'easjmZPm-88'}, 'videoOwnerChannelTitle': 'Laura Sabino', 'videoOwnerChannelId': 'UCCmh3nJayT-7jEM6hg2vP9Q'}",,,UCCmh3nJayT-7jEM6hg2vP9Q,Laura Sabino,2020-12-04T01:11:27Z,UUCmh3nJayT-7jEM6hg2vP9Q,easjmZPm-88,,2023-06-07 16:46:41.047804
youtube#playlistItem,Q55qJRMBhG-FnYfS_pAxxm_bS6Y,VVVDbWgzbkpheVQtN2pFTTZoZzJ2UDlRLkNOUFk0RW5YRlF3,"{'publishedAt': '2020-11-27T18:25:31Z', 'channelId': 'UCCmh3nJayT-7jEM6hg2vP9Q', 'title': 'Quem elegeu Bolsonaro? O papel da mídia e da ""direita moderada\'\'', 'description': 'APOIE O CANAL LAURA SABINO: https://apoia.se/canallaurasabino \n\nA eleição que colocou Bolsonaro no poder tem  pouquíssimo tempo mas já tem uma galera que parece esquecer de como Bolsonaro chegou ao poder. Basta ver o número de pessoas que vivem retrucando qualquer frase que não concordem com “ é por isso que Bolsonaro chegou ao poder” ou “ Por isso que Bolsonaro vai reeleger”. O engraçado é que parte das pessoas que mandaram isso contribuíram pra criação do ambiente de pânico moral que foi essencial pra Bolsonaro chegar no poder  e por agora estarem “em lado opostos” dele parecem que esqueceram da Historia. Esse vídeo daqui é pra refrescar certas memorias\n\nIndicações:\n-  “Quem Pagou a Conta? A CIA na guerra fria da cultura ( Francis  Saunders)\n-  "" Estranhos à nossa porta "" ( Zygmunt Bauman)\n- ""Para uma critica da categoria do totalitarismo (Domenico Losurdo)\n- ""Sintomas Mórbidos"" (Sabrina Fernandes)', 'thumbnails': {'default': {'url': 'https://i.ytimg.com/vi/CNPY4EnXFQw/default.jpg', 'width': 120, 'height': 90}, 'medium': {'url': 'https://i.ytimg.com/vi/CNPY4EnXFQw/mqdefault.jpg', 'width': 320, 'height': 180}, 'high': {'url': 'https://i.ytimg.com/vi/CNPY4EnXFQw/hqdefault.jpg', 'width': 480, 'height': 360}, 'standard': {'url': 'https://i.ytimg.com/vi/CNPY4EnXFQw/sddefault.jpg', 'width': 640, 'height': 480}, 'maxres': {'url': 'https://i.ytimg.com/vi/CNPY4EnXFQw/maxresdefault.jpg', 'width': 1280, 'height': 720}}, 'channelTitle': 'Laura Sabino', 'playlistId': 'UUCmh3nJayT-7jEM6hg2vP9Q', 'position': 24, 'resourceId': {'kind': 'youtube#video', 'videoId': 'CNPY4EnXFQw'}, 'videoOwnerChannelTitle': 'Laura Sabino', 'videoOwnerChannelId': 'UCCmh3nJayT-7jEM6hg2vP9Q'}",,,UCCmh3nJayT-7jEM6hg2vP9Q,Laura Sabino,2020-11-27T18:25:31Z,UUCmh3nJayT-7jEM6hg2vP9Q,CNPY4EnXFQw,,2023-06-07 16:46:41.047804
youtube#playlistItem,7mIaXM7dDCf8PBP713fHTzz74yQ,VVVDbWgzbkpheVQtN2pFTTZoZzJ2UDlRLmFlbGxGQkJ0YVdv,"{'publishedAt': '2020-11-07T18:23:42Z', 'channelId': 'UCCmh3nJayT-7jEM6hg2vP9Q', 'title': 'Como funcionam as eleições em Cuba?', 'description': 'O mundo inteiro acompanhou as eleições nos EUA e muitos pontos foram levantados: seriam votações diretas melhores do que as indiretas? Biden e Tump tem um programa muito diferentes? EUA são bi partidários da pratica? O que é democracia? Pensando nisso, separei as principais perguntas que vocês me enviam sobre os processos eleitorais cubanos e respondi traçando paralelos com outros modelos eleitorais.\n\nIndicações para o estudo do tema:\n-Texto do professor Cubano Eddy Jimenez da Universidade de Havana: ELEIÇÕES E DEMOCRACIA EM CUBA (http://blogjunho.com.br/populismo-e-desconsolidacao-democratica/) \n-Dissertação Hélio Marcos Prates Doyle: Revolução e Democracia: O poder popular em Cuba. (https://core.ac.uk/download/pdf/323103083.pdf)  \n-Dissertação da Emilly Couto Feitosa: As assembleias de poder popular e as tradições de luta democrática e de participação popular em Cuba. (https://www.historia.uff.br/stricto/td/1506.pdf) \n-Texto da Cubainformación TV (Tradução de Gabriel Deslandes): O que diferencia as eleições em Cuba das demais? ( https://revistaopera.com.br/2017/11/29/o-que-diferencia-as-eleicoes-em-cuba-das-demais/ )  \n-Texto Juliana Medeios: Como funciona o sistema eleitoral em Cuba. ( https://jornalistaslivres.org/como-funciona-o-sistema-eleitoral-em-cuba/)  \n-Anita Leocádia Prestes, professora da UFRJ,em artigo publicado no Brasil de Fato : Sistema do Poder Popular em Cuba. \nIndicações de  livros e documentários para estudar sobre Cuba nos destaques sobre Cuba no meu Instagram (@mylaura_m)', 'thumbnails': {'default': {'url': 'https://i.ytimg.com/vi/aellFBBtaWo/default.jpg', 'width': 120, 'height': 90}, 'medium': {'url': 'https://i.ytimg.com/vi/aellFBBtaWo/mqdefault.jpg', 'width': 320, 'height': 180}, 'high': {'url': 'https://i.ytimg.com/vi/aellFBBtaWo/hqdefault.jpg', 'width': 480, 'height': 360}, 'standard': {'url': 'https://i.ytimg.com/vi/aellFBBtaWo/sddefault.jpg', 'width': 640, 'height': 480}, 'maxres': {'url': 'https://i.ytimg.com/vi/aellFBBtaWo/maxresdefault.jpg', 'width': 1280, 'height': 720}}, 'channelTitle': 'Laura Sabino', 'playlistId': 'UUCmh3nJayT-7jEM6hg2vP9Q', 'position': 25, 'resourceId': {'kind': 'youtube#video', 'videoId': 'aellFBBtaWo'}, 'videoOwnerChannelTitle': 'Laura Sabino', 'videoOwnerChannelId': 'UCCmh3nJayT-7jEM6hg2vP9Q'}",,,UCCmh3nJayT-7jEM6hg2vP9Q,Laura Sabino,2020-11-07T18:23:42Z,UUCmh3nJayT-7jEM6hg2vP9Q,aellFBBtaWo,,2023-06-07 16:46:41.047804
youtube#playlistItem,YhVrRhOS-yjhpBzDlGY_5N6Nn8Q,VVVDbWgzbkpheVQtN2pFTTZoZzJ2UDlRLjhXTElzbDVVcHN3,"{'publishedAt': '2020-10-01T17:39:29Z', 'channelId': 'UCCmh3nJayT-7jEM6hg2vP9Q', 'title': 'Explicando problema do feminismo liberal  usando o filme O diabo veste Prada.', 'description': 'APOIE O CANAL LAURA SABINO: https://apoia.se/canallaurasabino\n\nPrecisamos  combater e aniquilar o machismo. Mas como ? O video de hoje é sobre qual feminismo estamos construindo e se de fato ele se propõe a emancipar as mulheres pobres. Apesar do patriarcado ser anterior ao capitalismo,  o sistema tem como um de seus principais pilares a estratificação social de maneira que se torna impossível discutir a abolição do machismo PARA TODAS AS MULHERES sem lutar pelo fim desse sistema.\nIndicações de livros de introdução ao   FEMINISMO MARXISTA\n-Feminismo para os 99%: Um manifesto (Cinzia Arruzza, Nancy Fraser, Tithi Bhattacharya)\n-Mulheres, cultura e política (Angela Davis)\n-Ser ou não ser feminista (Ana Montenegro)\n- A mulher na sociedade de classes (Helleiet  Saffioti)\n- Margem Esquerda Dossiê: Feminismo, marxismo e a Revolução Russa (Wendy Goldman)\n- Ligações perigosas: os casamentos e divórcios do marxismo e do feminismo ( Cinza Arruza)', 'thumbnails': {'default': {'url': 'https://i.ytimg.com/vi/8WLIsl5Upsw/default.jpg', 'width': 120, 'height': 90}, 'medium': {'url': 'https://i.ytimg.com/vi/8WLIsl5Upsw/mqdefault.jpg', 'width': 320, 'height': 180}, 'high': {'url': 'https://i.ytimg.com/vi/8WLIsl5Upsw/hqdefault.jpg', 'width': 480, 'height': 360}, 'standard': {'url': 'https://i.ytimg.com/vi/8WLIsl5Upsw/sddefault.jpg', 'width': 640, 'height': 480}, 'maxres': {'url': 'https://i.ytimg.com/vi/8WLIsl5Upsw/maxresdefault.jpg', 'width': 1280, 'height': 720}}, 'channelTitle': 'Laura Sabino', 'playlistId': 'UUCmh3nJayT-7jEM6hg2vP9Q', 'position': 26, 'resourceId': {'kind': 'youtube#video', 'videoId': '8WLIsl5Upsw'}, 'videoOwnerChannelTitle': 'Laura Sabino', 'videoOwnerChannelId': 'UCCmh3nJayT-7jEM6hg2vP9Q'}",,,UCCmh3nJayT-7jEM6hg2vP9Q,Laura Sabino,2020-10-01T17:39:29Z,UUCmh3nJayT-7jEM6hg2vP9Q,8WLIsl5Upsw,,2023-06-07 16:46:41.047804
youtube#playlistItem,Mux9UsIoBvHaXSHX5YHG6W2JEgM,VVVDbWgzbkpheVQtN2pFTTZoZzJ2UDlRLlJzcl9yTXhWcmtj,"{'publishedAt': '2020-09-05T01:33:03Z', 'channelId': 'UCCmh3nJayT-7jEM6hg2vP9Q', 'title': 'O serviço vai melhorar com a privatização dos correios ?  part  Roberto Cardoso e Robson Silva', 'description': 'APOIE O CANAL LAURA SABINO: https://apoia.se/canallaurasabino', 'thumbnails': {'default': {'url': 'https://i.ytimg.com/vi/Rsr_rMxVrkc/default.jpg', 'width': 120, 'height': 90}, 'medium': {'url': 'https://i.ytimg.com/vi/Rsr_rMxVrkc/mqdefault.jpg', 'width': 320, 'height': 180}, 'high': {'url': 'https://i.ytimg.com/vi/Rsr_rMxVrkc/hqdefault.jpg', 'width': 480, 'height': 360}, 'standard': {'url': 'https://i.ytimg.com/vi/Rsr_rMxVrkc/sddefault.jpg', 'width': 640, 'height': 480}, 'maxres': {'url': 'https://i.ytimg.com/vi/Rsr_rMxVrkc/maxresdefault.jpg', 'width': 1280, 'height': 720}}, 'channelTitle': 'Laura Sabino', 'playlistId': 'UUCmh3nJayT-7jEM6hg2vP9Q', 'position': 27, 'resourceId': {'kind': 'youtube#video', 'videoId': 'Rsr_rMxVrkc'}, 'videoOwnerChannelTitle': 'Laura Sabino', 'videoOwnerChannelId': 'UCCmh3nJayT-7jEM6hg2vP9Q'}",,,UCCmh3nJayT-7jEM6hg2vP9Q,Laura Sabino,2020-09-05T01:33:03Z,UUCmh3nJayT-7jEM6hg2vP9Q,Rsr_rMxVrkc,,2023-06-07 16:46:41.047804
youtube#playlistItem,mE-cvdhqemtxNOjndNkHehJrbfk,VVVDbWgzbkpheVQtN2pFTTZoZzJ2UDlRLjJGb29uVVNjZ3dj,"{'publishedAt': '2020-08-08T23:00:10Z', 'channelId': 'UCCmh3nJayT-7jEM6hg2vP9Q', 'title': 'Qual a diferença entre socialismo e comunismo? Explicação com Monstros SA', 'description': 'Qual a diferença entre socialismo marxista e socialismo utópico ? Qual a diferença entre socialismo e comunista ? \n\nApoie nosso canal: https://apoia.se/canallaurasabino\nIndicações de livros introdutórios sobre o tema (do mais simples ao mais complexo) :\n-coleção primeiros passos:\no que é capitalismo?\no que é socialismo?\no que é comunismo?\no que é imperialismo?\nO que é ideologia?\n-Ideologia do trabalho (Paulo Sérgio do Carmo)\n- As classes e as lutas de classes (A. Ermakova e V. Rátnikov)\n-Marx vida e obra (Leandro Konder)\n-A origem da família da propriedade privada e do Estado ( Friedrich Engels)\n-Do Socialismo Utópico ao Socialismo Científico (Friedrich Engels)\n-O manifesto comunista (Friedrich Engels e Karl Marx)\n-A acumulação de capital volume 1 e 2 (Rosa Luxemburgo)\n-O estado e a revolução (Lenin)\n-Imperialismo a fase superior do capitalismo (Lenin)\n-Hegel (coleção os pensadores)\n👉 estudar o liberalismo faz parte de estudar Marx. Vou falar melhor disso quando for fazer as indicações de economia básica. Mas aqui indico :A riqueza das nações (Adam Smith)\ne Princípios da economia politica(David Ricardo). -O enigma do capital (David Harvey)\n-princípios basicos do comunismo ( F. Engels)\n-Introduçao ao Estudo Do Metodo De Marx (José Paulo Netto)\n\nEdição: Jordana Leitte e Lucas Bastos \nThumb : Lucas Bastos com arte da @suziesamico', 'thumbnails': {'default': {'url': 'https://i.ytimg.com/vi/2FoonUScgwc/default.jpg', 'width': 120, 'height': 90}, 'medium': {'url': 'https://i.ytimg.com/vi/2FoonUScgwc/mqdefault.jpg', 'width': 320, 'height': 180}, 'high': {'url': 'https://i.ytimg.com/vi/2FoonUScgwc/hqdefault.jpg', 'width': 480, 'height': 360}, 'standard': {'url': 'https://i.ytimg.com/vi/2FoonUScgwc/sddefault.jpg', 'width': 640, 'height': 480}, 'maxres': {'url': 'https://i.ytimg.com/vi/2FoonUScgwc/maxresdefault.jpg', 'width': 1280, 'height': 720}}, 'channelTitle': 'Laura Sabino', 'playlistId': 'UUCmh3nJayT-7jEM6hg2vP9Q', 'position': 28, 'resourceId': {'kind': 'youtube#video', 'videoId': '2FoonUScgwc'}, 'videoOwnerChannelTitle': 'Laura Sabino', 'videoOwnerChannelId': 'UCCmh3nJayT-7jEM6hg2vP9Q'}",,,UCCmh3nJayT-7jEM6hg2vP9Q,Laura Sabino,2020-08-08T23:00:10Z,UUCmh3nJayT-7jEM6hg2vP9Q,2FoonUScgwc,,2023-06-07 16:46:41.047804
youtube#playlistItem,xWtoCVOhzXcGtjhWRarMiI-Y_6I,VVVDbWgzbkpheVQtN2pFTTZoZzJ2UDlRLm5kZm5rLTluQnpR,"{'publishedAt': '2020-07-29T20:01:09Z', 'channelId': 'UCCmh3nJayT-7jEM6hg2vP9Q', 'title': 'Explicando meritocracia usando ep de Black Mirror', 'description': 'O que é meritocracia ? Meritocracia existe ? Meritocracia funciona ?\n\nApoie o canal https://apoia.se/canallaurasabino\nEdição: Jordana Leitte e Lucas Bastos \nThumb : Lucas Bastos', 'thumbnails': {'default': {'url': 'https://i.ytimg.com/vi/ndfnk-9nBzQ/default.jpg', 'width': 120, 'height': 90}, 'medium': {'url': 'https://i.ytimg.com/vi/ndfnk-9nBzQ/mqdefault.jpg', 'width': 320, 'height': 180}, 'high': {'url': 'https://i.ytimg.com/vi/ndfnk-9nBzQ/hqdefault.jpg', 'width': 480, 'height': 360}, 'standard': {'url': 'https://i.ytimg.com/vi/ndfnk-9nBzQ/sddefault.jpg', 'width': 640, 'height': 480}, 'maxres': {'url': 'https://i.ytimg.com/vi/ndfnk-9nBzQ/maxresdefault.jpg', 'width': 1280, 'height': 720}}, 'channelTitle': 'Laura Sabino', 'playlistId': 'UUCmh3nJayT-7jEM6hg2vP9Q', 'position': 29, 'resourceId': {'kind': 'youtube#video', 'videoId': 'ndfnk-9nBzQ'}, 'videoOwnerChannelTitle': 'Laura Sabino', 'videoOwnerChannelId': 'UCCmh3nJayT-7jEM6hg2vP9Q'}",,,UCCmh3nJayT-7jEM6hg2vP9Q,Laura Sabino,2020-07-29T20:01:09Z,UUCmh3nJayT-7jEM6hg2vP9Q,ndfnk-9nBzQ,,2023-06-07 16:46:41.047804
youtube#playlistItem,PL-4TvxoNYoeu8I56dfv-crDB8Y,VVVDbWgzbkpheVQtN2pFTTZoZzJ2UDlRLlJ3bEgwOHJGd1dZ,"{'publishedAt': '2020-07-24T01:17:06Z', 'channelId': 'UCCmh3nJayT-7jEM6hg2vP9Q', 'title': 'Raça,racismo e revolução cubana.', 'description': 'Olá pessoal o professor cubano Maikel Pons Giralt topou nos ensinar um pouco sobre a relação de Cuba com a populção negra além de responder importantes perguntas como “ Em cuba tem estátuas de pessoas racistas ou ruas com nomes de pessoas q foram racistas ? “\n“Cmo é a representatividade dos negros em Cuba ? Ocupam espaços de poder ?”\n“Como a polícia de Cuba lida com a população negra ?”\n ""Se existem políticas públicas p combater o racismo?""', 'thumbnails': {'default': {'url': 'https://i.ytimg.com/vi/RwlH08rFwWY/default.jpg', 'width': 120, 'height': 90}, 'medium': {'url': 'https://i.ytimg.com/vi/RwlH08rFwWY/mqdefault.jpg', 'width': 320, 'height': 180}, 'high': {'url': 'https://i.ytimg.com/vi/RwlH08rFwWY/hqdefault.jpg', 'width': 480, 'height': 360}, 'standard': {'url': 'https://i.ytimg.com/vi/RwlH08rFwWY/sddefault.jpg', 'width': 640, 'height': 480}, 'maxres': {'url': 'https://i.ytimg.com/vi/RwlH08rFwWY/maxresdefault.jpg', 'width': 1280, 'height': 720}}, 'channelTitle': 'Laura Sabino', 'playlistId': 'UUCmh3nJayT-7jEM6hg2vP9Q', 'position': 30, 'resourceId': {'kind': 'youtube#video', 'videoId': 'RwlH08rFwWY'}, 'videoOwnerChannelTitle': 'Laura Sabino', 'videoOwnerChannelId': 'UCCmh3nJayT-7jEM6hg2vP9Q'}",,,UCCmh3nJayT-7jEM6hg2vP9Q,Laura Sabino,2020-07-24T01:17:06Z,UUCmh3nJayT-7jEM6hg2vP9Q,RwlH08rFwWY,,2023-06-07 16:46:41.047804
youtube#playlistItem,y55DMEnnzRkt046Lzg-ksX5XIkw,VVVDbWgzbkpheVQtN2pFTTZoZzJ2UDlRLmJ5SVZ2TkxhLW00,"{'publishedAt': '2020-07-22T02:32:43Z', 'channelId': 'UCCmh3nJayT-7jEM6hg2vP9Q', 'title': 'Coreia do Norte: Como é viver lá? (LGBTS,educação,economia,sistema politico,fome, etc)', 'description': 'APOIE O CANAL LAURA SABINO: https://apoia.se/canallaurasabino\n\nOlá pessoal, a live com o camarada Lucas Rubio tirando nossas duvidas sobre como é viver na Coreia do Norte. Nesse video  além de uma aula sobre a revolução Coreana,o camarada também trouxe varias informações interessantes sobre a questão da educação,economia,sistema politico e as pautas LGBTS na coreia popular.\nIndicações de livros,textos e videos sobre a coreia popular nos comentários\nApoie o canal https://apoia.se/canallaurasabino\nEdição: Jordana Leitte e Lucas Bastos \nThumb : Lucas Bastos', 'thumbnails': {'default': {'url': 'https://i.ytimg.com/vi/byIVvNLa-m4/default.jpg', 'width': 120, 'height': 90}, 'medium': {'url': 'https://i.ytimg.com/vi/byIVvNLa-m4/mqdefault.jpg', 'width': 320, 'height': 180}, 'high': {'url': 'https://i.ytimg.com/vi/byIVvNLa-m4/hqdefault.jpg', 'width': 480, 'height': 360}, 'standard': {'url': 'https://i.ytimg.com/vi/byIVvNLa-m4/sddefault.jpg', 'width': 640, 'height': 480}, 'maxres': {'url': 'https://i.ytimg.com/vi/byIVvNLa-m4/maxresdefault.jpg', 'width': 1280, 'height': 720}}, 'channelTitle': 'Laura Sabino', 'playlistId': 'UUCmh3nJayT-7jEM6hg2vP9Q', 'position': 31, 'resourceId': {'kind': 'youtube#video', 'videoId': 'byIVvNLa-m4'}, 'videoOwnerChannelTitle': 'Laura Sabino', 'videoOwnerChannelId': 'UCCmh3nJayT-7jEM6hg2vP9Q'}",,,UCCmh3nJayT-7jEM6hg2vP9Q,Laura Sabino,2020-07-22T02:32:43Z,UUCmh3nJayT-7jEM6hg2vP9Q,byIVvNLa-m4,,2023-06-07 16:46:41.047804
youtube#playlistItem,6bOCFrN9_4XessTHEIXAM61m5sk,VVVDbWgzbkpheVQtN2pFTTZoZzJ2UDlRLjV3U3RsMGRkT2Uw,"{'publishedAt': '2020-07-04T20:46:44Z', 'channelId': 'UCCmh3nJayT-7jEM6hg2vP9Q', 'title': 'Explicando mais valia com o filme vida de inseto', 'description': 'Olá pessoal,o video de hoje é explicando o conceito de mais valia absoluta e mais valia relativa para quem esta iniciando os estudos marxistas. Usei o desenho vida de inseto da pixar p ilustrar os exemplos. Espero que gostem. \n--------\nApoia-se do canal: https://apoia.se/canallaurasabino\nBibliográfica da playlist mestres do capitalismo: https://www.instagram.com/p/B_z7K6SjhhV/', 'thumbnails': {'default': {'url': 'https://i.ytimg.com/vi/5wStl0ddOe0/default.jpg', 'width': 120, 'height': 90}, 'medium': {'url': 'https://i.ytimg.com/vi/5wStl0ddOe0/mqdefault.jpg', 'width': 320, 'height': 180}, 'high': {'url': 'https://i.ytimg.com/vi/5wStl0ddOe0/hqdefault.jpg', 'width': 480, 'height': 360}, 'standard': {'url': 'https://i.ytimg.com/vi/5wStl0ddOe0/sddefault.jpg', 'width': 640, 'height': 480}, 'maxres': {'url': 'https://i.ytimg.com/vi/5wStl0ddOe0/maxresdefault.jpg', 'width': 1280, 'height': 720}}, 'channelTitle': 'Laura Sabino', 'playlistId': 'UUCmh3nJayT-7jEM6hg2vP9Q', 'position': 32, 'resourceId': {'kind': 'youtube#video', 'videoId': '5wStl0ddOe0'}, 'videoOwnerChannelTitle': 'Laura Sabino', 'videoOwnerChannelId': 'UCCmh3nJayT-7jEM6hg2vP9Q'}",,,UCCmh3nJayT-7jEM6hg2vP9Q,Laura Sabino,2020-07-04T20:46:44Z,UUCmh3nJayT-7jEM6hg2vP9Q,5wStl0ddOe0,,2023-06-07 16:46:41.047804
youtube#playlistItem,82SmTZPg7TRMQYjZEreW_FcL0uI,VVVDbWgzbkpheVQtN2pFTTZoZzJ2UDlRLmdwNnJLZDRObTBB,"{'publishedAt': '2020-06-19T02:08:15Z', 'channelId': 'UCCmh3nJayT-7jEM6hg2vP9Q', 'title': 'Boteco comunista:Queda do Weintraub,prisão do Queiroz,genocídio da população negra e policia antifa', 'description': '', 'thumbnails': {'default': {'url': 'https://i.ytimg.com/vi/gp6rKd4Nm0A/default.jpg', 'width': 120, 'height': 90}, 'medium': {'url': 'https://i.ytimg.com/vi/gp6rKd4Nm0A/mqdefault.jpg', 'width': 320, 'height': 180}, 'high': {'url': 'https://i.ytimg.com/vi/gp6rKd4Nm0A/hqdefault.jpg', 'width': 480, 'height': 360}, 'standard': {'url': 'https://i.ytimg.com/vi/gp6rKd4Nm0A/sddefault.jpg', 'width': 640, 'height': 480}, 'maxres': {'url': 'https://i.ytimg.com/vi/gp6rKd4Nm0A/maxresdefault.jpg', 'width': 1280, 'height': 720}}, 'channelTitle': 'Laura Sabino', 'playlistId': 'UUCmh3nJayT-7jEM6hg2vP9Q', 'position': 33, 'resourceId': {'kind': 'youtube#video', 'videoId': 'gp6rKd4Nm0A'}, 'videoOwnerChannelTitle': 'Laura Sabino', 'videoOwnerChannelId': 'UCCmh3nJayT-7jEM6hg2vP9Q'}",,,UCCmh3nJayT-7jEM6hg2vP9Q,Laura Sabino,2020-06-19T02:08:15Z,UUCmh3nJayT-7jEM6hg2vP9Q,gp6rKd4Nm0A,,2023-06-07 16:46:41.047804
youtube#playlistItem,YdpsG4xTbMg6fN4i6t45AocSVXY,VVVDbWgzbkpheVQtN2pFTTZoZzJ2UDlRLjdYbDRWc095bUVZ,"{'publishedAt': '2020-06-17T19:58:02Z', 'channelId': 'UCCmh3nJayT-7jEM6hg2vP9Q', 'title': 'Comunista respondendo ao livro  ""Não senhor comuna""', 'description': 'Apoie nosso canal: https://apoia.se/canallaurasabino\nLegenda:Arthur Sardilli \nEdição: Jordana Leitte e Lucas Bastos \nThumb: Lucas Bastos\n\n\nIndicações:\nO enigma do Capita- David Harvey\nOs despossuídos -Karl Marx\nfontes:\n-Crise energetica do Brasil https://www.scielo.br/scielo.php?script=sci_arttext&pid=S0103-20702003000200009\n-Crise de super produção e queima de café no Brasil\nhttp://memorialdademocracia.com.br/card/getulio-autoriza-queima-dos-estoques-de-cafe\n-Paulo Freire tem estátua na Suécia ao lado de Neruda e Angela Davis\nhttps://www.geledes.org.br/paulo-freire-tem-estatua-na-suecia-ao-lado-de-neruda-e-angela-davis/\n-Paulo Freire é o terceiro pensador mais citado em trabalhos pelo mundo :\nhttps://www.nexojornal.com.br/expresso/2016/06/04/Paulo-Freire-%C3%A9-o-terceiro-pensador-mais-citado-em-trabalhos-pelo-mundo', 'thumbnails': {'default': {'url': 'https://i.ytimg.com/vi/7Xl4VsOymEY/default.jpg', 'width': 120, 'height': 90}, 'medium': {'url': 'https://i.ytimg.com/vi/7Xl4VsOymEY/mqdefault.jpg', 'width': 320, 'height': 180}, 'high': {'url': 'https://i.ytimg.com/vi/7Xl4VsOymEY/hqdefault.jpg', 'width': 480, 'height': 360}, 'standard': {'url': 'https://i.ytimg.com/vi/7Xl4VsOymEY/sddefault.jpg', 'width': 640, 'height': 480}, 'maxres': {'url': 'https://i.ytimg.com/vi/7Xl4VsOymEY/maxresdefault.jpg', 'width': 1280, 'height': 720}}, 'channelTitle': 'Laura Sabino', 'playlistId': 'UUCmh3nJayT-7jEM6hg2vP9Q', 'position': 34, 'resourceId': {'kind': 'youtube#video', 'videoId': '7Xl4VsOymEY'}, 'videoOwnerChannelTitle': 'Laura Sabino', 'videoOwnerChannelId': 'UCCmh3nJayT-7jEM6hg2vP9Q'}",,,UCCmh3nJayT-7jEM6hg2vP9Q,Laura Sabino,2020-06-17T19:58:02Z,UUCmh3nJayT-7jEM6hg2vP9Q,7Xl4VsOymEY,,2023-06-07 16:46:41.047804
youtube#playlistItem,2dBszKAaDI_YL73iB3p-kiSCelI,VVVDbWgzbkpheVQtN2pFTTZoZzJ2UDlRLlBmS1V3Z01MWk1z,"{'publishedAt': '2020-06-03T20:59:31Z', 'channelId': 'UCCmh3nJayT-7jEM6hg2vP9Q', 'title': 'O que é o antifa?', 'description': 'antifascista o que significa?\n--------\nApoie o canal https://apoia.se/canallaurasabino\nLegenda:Arthur Sardilli \nEdição: Jordana Leitte e Lucas Bastos \nThumb : Lucas Bastos', 'thumbnails': {'default': {'url': 'https://i.ytimg.com/vi/PfKUwgMLZMs/default.jpg', 'width': 120, 'height': 90}, 'medium': {'url': 'https://i.ytimg.com/vi/PfKUwgMLZMs/mqdefault.jpg', 'width': 320, 'height': 180}, 'high': {'url': 'https://i.ytimg.com/vi/PfKUwgMLZMs/hqdefault.jpg', 'width': 480, 'height': 360}, 'standard': {'url': 'https://i.ytimg.com/vi/PfKUwgMLZMs/sddefault.jpg', 'width': 640, 'height': 480}, 'maxres': {'url': 'https://i.ytimg.com/vi/PfKUwgMLZMs/maxresdefault.jpg', 'width': 1280, 'height': 720}}, 'channelTitle': 'Laura Sabino', 'playlistId': 'UUCmh3nJayT-7jEM6hg2vP9Q', 'position': 35, 'resourceId': {'kind': 'youtube#video', 'videoId': 'PfKUwgMLZMs'}, 'videoOwnerChannelTitle': 'Laura Sabino', 'videoOwnerChannelId': 'UCCmh3nJayT-7jEM6hg2vP9Q'}",,,UCCmh3nJayT-7jEM6hg2vP9Q,Laura Sabino,2020-06-03T20:59:31Z,UUCmh3nJayT-7jEM6hg2vP9Q,PfKUwgMLZMs,,2023-06-07 16:46:41.047804
youtube#playlistItem,CL-8lEVUHQCgaI_SKJK6W5gVLkk,VVVDbWgzbkpheVQtN2pFTTZoZzJ2UDlRLlJqcnZsNFc3QVFZ,"{'publishedAt': '2020-05-01T20:11:14Z', 'channelId': 'UCCmh3nJayT-7jEM6hg2vP9Q', 'title': 'Como Cuba trata os  LGBTs?', 'description': 'Apoie nosso canal: https://apoia.se/canallaurasabino\nEdição: Jordana Leitte e Lucas Bastos \nThumb: Lucas Bastos\n\n\n\nFontes:\n1: https://www.presidencia.gob.cu/media/filer/public/2019/04/11/constitucioncuba.pdf\n Constituição de Cuba criminalização de ""preconceito de gênero"" e o casamento não está colocado como matrimônio ""entre um homem e uma mulher"", deixando-se em aberto essa questão. \n2: https://oglobo.globo.com/mundo/cuba-ja-realizou-15-cirurgias-de-mudanca-de-sexo-3695947 ""desde o final dos anos 1970, Cuba reconhece a transexualidade, fazendo cirurgias gratuitas""\n3: https://www.jornada.com.mx/2010/08/31/mundo/026e1mun\nEntrevista histórica de Fidel, feita em 2010, em que ele traz para si a responsabilidade pelas perseguições que ocorreram a homossexuais nos anos 60, particularmente na época das UMAP (que tiveram curto tempo, entre 1965 e 68).\n4: LIVRO :Anticapitalismos y sociabilidades emergentes. Publicado pela Clacso (Conselho Latino-Americano de Ciências Sociais) é uma coletânea de vários artigos. O artifo 185 fala sobre o ciberativismo LGBT em Cuba. Tem um recorte ali entre 2009 e 2012,\n5: https://web.archive.org/web/20171201044514/http://old.ilga.org/news_results.asp?LanguageID=1&FileCategory=10&ZoneID=5&FileID=26\nAqui é um pequeno relatório feito por Carlos Sánchez, que foi enviado a Cuba ainda em 2004, logo após uma renovação constitucional, em nome da ILGA (Associação Internacional de Gays e Lésbicas, que reúne centenas de organizações LGBT de todo o mundo).\n6: https://www.youtube.com/watch?v=vkooH0-nv-4\nVídeo do ano retrasado que comemora dez anos de jornada contra a homofobia, o que mostra que essa pauta lá não é de agora, não é ""da moda"". Vale destacar que em Cuba, o dia nacional contra a homofobia é 17 de maio, daqui a quase um mês. Várias atividades são feitas nas escolas, ruas, programação televisiva, etc, reforçando a importância de se avançar no combate a esse problema.\n7: Para entender mais sobre a crucificação como método de conter revolucionários. Livro: A Era dos Mártires ( Justo L Gonzáles)\nO estudo foi guiado pelo especialista em Cuba Leon Nunes', 'thumbnails': {'default': {'url': 'https://i.ytimg.com/vi/Rjrvl4W7AQY/default.jpg', 'width': 120, 'height': 90}, 'medium': {'url': 'https://i.ytimg.com/vi/Rjrvl4W7AQY/mqdefault.jpg', 'width': 320, 'height': 180}, 'high': {'url': 'https://i.ytimg.com/vi/Rjrvl4W7AQY/hqdefault.jpg', 'width': 480, 'height': 360}, 'standard': {'url': 'https://i.ytimg.com/vi/Rjrvl4W7AQY/sddefault.jpg', 'width': 640, 'height': 480}, 'maxres': {'url': 'https://i.ytimg.com/vi/Rjrvl4W7AQY/maxresdefault.jpg', 'width': 1280, 'height': 720}}, 'channelTitle': 'Laura Sabino', 'playlistId': 'UUCmh3nJayT-7jEM6hg2vP9Q', 'position': 36, 'resourceId': {'kind': 'youtube#video', 'videoId': 'Rjrvl4W7AQY'}, 'videoOwnerChannelTitle': 'Laura Sabino', 'videoOwnerChannelId': 'UCCmh3nJayT-7jEM6hg2vP9Q'}",,,UCCmh3nJayT-7jEM6hg2vP9Q,Laura Sabino,2020-05-01T20:11:14Z,UUCmh3nJayT-7jEM6hg2vP9Q,Rjrvl4W7AQY,,2023-06-07 16:46:41.047804
youtube#playlistItem,HLWjnUz6YEWs794ze3_tT2RkLR4,VVVDbWgzbkpheVQtN2pFTTZoZzJ2UDlRLkRxWkVwWV9tVTBJ,"{'publishedAt': '2020-02-04T18:40:43Z', 'channelId': 'UCCmh3nJayT-7jEM6hg2vP9Q', 'title': 'Como o Zema (partido NOVO) está destruindo a educação de Minas Gerais', 'description': '', 'thumbnails': {'default': {'url': 'https://i.ytimg.com/vi/DqZEpY_mU0I/default.jpg', 'width': 120, 'height': 90}, 'medium': {'url': 'https://i.ytimg.com/vi/DqZEpY_mU0I/mqdefault.jpg', 'width': 320, 'height': 180}, 'high': {'url': 'https://i.ytimg.com/vi/DqZEpY_mU0I/hqdefault.jpg', 'width': 480, 'height': 360}, 'standard': {'url': 'https://i.ytimg.com/vi/DqZEpY_mU0I/sddefault.jpg', 'width': 640, 'height': 480}, 'maxres': {'url': 'https://i.ytimg.com/vi/DqZEpY_mU0I/maxresdefault.jpg', 'width': 1280, 'height': 720}}, 'channelTitle': 'Laura Sabino', 'playlistId': 'UUCmh3nJayT-7jEM6hg2vP9Q', 'position': 37, 'resourceId': {'kind': 'youtube#video', 'videoId': 'DqZEpY_mU0I'}, 'videoOwnerChannelTitle': 'Laura Sabino', 'videoOwnerChannelId': 'UCCmh3nJayT-7jEM6hg2vP9Q'}",,,UCCmh3nJayT-7jEM6hg2vP9Q,Laura Sabino,2020-02-04T18:40:43Z,UUCmh3nJayT-7jEM6hg2vP9Q,DqZEpY_mU0I,,2023-06-07 16:46:41.047804
youtube#playlistItem,bfnzJy6ECiENiJ7OWpaPsS9xQxs,VVVDbWgzbkpheVQtN2pFTTZoZzJ2UDlRLi1XM2s4bEEteEFZ,"{'publishedAt': '2019-12-31T21:22:46Z', 'channelId': 'UCCmh3nJayT-7jEM6hg2vP9Q', 'title': 'Como a esquerda vai se reaproximar dos evangélicos? Pastor Zé Barbosa', 'description': 'Apoie nosso canal: https://apoia.se/canallaurasabino\nEdição: Jordana Leitte e Lucas Bastos \nThumb: Lucas Bastos', 'thumbnails': {'default': {'url': 'https://i.ytimg.com/vi/-W3k8lA-xAY/default.jpg', 'width': 120, 'height': 90}, 'medium': {'url': 'https://i.ytimg.com/vi/-W3k8lA-xAY/mqdefault.jpg', 'width': 320, 'height': 180}, 'high': {'url': 'https://i.ytimg.com/vi/-W3k8lA-xAY/hqdefault.jpg', 'width': 480, 'height': 360}, 'standard': {'url': 'https://i.ytimg.com/vi/-W3k8lA-xAY/sddefault.jpg', 'width': 640, 'height': 480}, 'maxres': {'url': 'https://i.ytimg.com/vi/-W3k8lA-xAY/maxresdefault.jpg', 'width': 1280, 'height': 720}}, 'channelTitle': 'Laura Sabino', 'playlistId': 'UUCmh3nJayT-7jEM6hg2vP9Q', 'position': 38, 'resourceId': {'kind': 'youtube#video', 'videoId': '-W3k8lA-xAY'}, 'videoOwnerChannelTitle': 'Laura Sabino', 'videoOwnerChannelId': 'UCCmh3nJayT-7jEM6hg2vP9Q'}",,,UCCmh3nJayT-7jEM6hg2vP9Q,Laura Sabino,2019-12-31T21:22:46Z,UUCmh3nJayT-7jEM6hg2vP9Q,-W3k8lA-xAY,,2023-06-07 16:46:41.047804
youtube#playlistItem,DMCWK-91SyXUBZLMVHKi289b8nE,VVVDbWgzbkpheVQtN2pFTTZoZzJ2UDlRLnYyQW9NMHdha2pZ,"{'publishedAt': '2019-12-03T21:04:16Z', 'channelId': 'UCCmh3nJayT-7jEM6hg2vP9Q', 'title': 'Porque  o capitalismo te fez acreditar que a educação é investimento', 'description': 'Apoie nosso canal: https://apoia.se/canallaurasabino\nEdição: Jordana Leitte e Lucas Bastos \nThumb: Lucas Bastos\n\nRealmente educação não é gasto, mas enxergar a educação com um investimento também não é a forma eficaz de se construir uma educação emancipatória. A Teoria do Capital Humano defende que aplicar dinheiro na educação tem como finalidade tornar o indivíduo mais competente o mercado de trabalho e,consequentemente,gerar lucros e retorno para o mercado. Mas como fica a educação de jovens e adultos?E  o ensino  de humanidades? A reforma do Ensino médio,por exemplo,faria sentido nessa logica.  \n No video de hoje, proponho um olhar da educação nem como gasto e nem como investimento mas como DIREITO.  No vídeo de hoje vamos bater um papo sobre isso.', 'thumbnails': {'default': {'url': 'https://i.ytimg.com/vi/v2AoM0wakjY/default.jpg', 'width': 120, 'height': 90}, 'medium': {'url': 'https://i.ytimg.com/vi/v2AoM0wakjY/mqdefault.jpg', 'width': 320, 'height': 180}, 'high': {'url': 'https://i.ytimg.com/vi/v2AoM0wakjY/hqdefault.jpg', 'width': 480, 'height': 360}, 'standard': {'url': 'https://i.ytimg.com/vi/v2AoM0wakjY/sddefault.jpg', 'width': 640, 'height': 480}, 'maxres': {'url': 'https://i.ytimg.com/vi/v2AoM0wakjY/maxresdefault.jpg', 'width': 1280, 'height': 720}}, 'channelTitle': 'Laura Sabino', 'playlistId': 'UUCmh3nJayT-7jEM6hg2vP9Q', 'position': 39, 'resourceId': {'kind': 'youtube#video', 'videoId': 'v2AoM0wakjY'}, 'videoOwnerChannelTitle': 'Laura Sabino', 'videoOwnerChannelId': 'UCCmh3nJayT-7jEM6hg2vP9Q'}",,,UCCmh3nJayT-7jEM6hg2vP9Q,Laura Sabino,2019-12-03T21:04:16Z,UUCmh3nJayT-7jEM6hg2vP9Q,v2AoM0wakjY,,2023-06-07 16:46:41.047804
youtube#playlistItem,p3NSwSBqVTg6KUogee9iPcr6Joc,VVVDbWgzbkpheVQtN2pFTTZoZzJ2UDlRLmVQX2pnQ1dLUDFn,"{'publishedAt': '2019-10-14T13:41:27Z', 'channelId': 'UCCmh3nJayT-7jEM6hg2vP9Q', 'title': 'Cubano respondendo dúvidas sobre Cuba - PARTE 1', 'description': 'Em uma época em que Cuba é atacado por fake news e somente  a visão de cubanos que não concordam com o processo revolucionário cubano ganham espaço na mídia com apenas uma narrativa: de que Cuba é um país exótico, constituído por uma ditadura que não respeita os direitos humanos. Esta na hora de ouvir outra visão!\nCuba não é um país perfeito,que não precisa avançar em algumas áreas. Mas precisa ser visto como um país latino americano,com um povo guerreiro,solicito e bondoso,que se insurgiu contra o imperialismo estadunidense e contra as opressões de classes que marcam os países capitalistas,referência em educação e na saúde. \nPara ter uma visão justa de Cuba,convidei Maikel . As respostas são baseadas na visão do Maikel sobre a ilha como cidadão cubano revolucionário e suas vivências como pesquisador e professor.\n\nApoie nosso canal: https://apoia.se/canallaurasabino\nEdição: Jordana Leitte e Lucas Bastos \nThumb: Lucas Bastos', 'thumbnails': {'default': {'url': 'https://i.ytimg.com/vi/eP_jgCWKP1g/default.jpg', 'width': 120, 'height': 90}, 'medium': {'url': 'https://i.ytimg.com/vi/eP_jgCWKP1g/mqdefault.jpg', 'width': 320, 'height': 180}, 'high': {'url': 'https://i.ytimg.com/vi/eP_jgCWKP1g/hqdefault.jpg', 'width': 480, 'height': 360}, 'standard': {'url': 'https://i.ytimg.com/vi/eP_jgCWKP1g/sddefault.jpg', 'width': 640, 'height': 480}, 'maxres': {'url': 'https://i.ytimg.com/vi/eP_jgCWKP1g/maxresdefault.jpg', 'width': 1280, 'height': 720}}, 'channelTitle': 'Laura Sabino', 'playlistId': 'UUCmh3nJayT-7jEM6hg2vP9Q', 'position': 40, 'resourceId': {'kind': 'youtube#video', 'videoId': 'eP_jgCWKP1g'}, 'videoOwnerChannelTitle': 'Laura Sabino', 'videoOwnerChannelId': 'UCCmh3nJayT-7jEM6hg2vP9Q'}",,,UCCmh3nJayT-7jEM6hg2vP9Q,Laura Sabino,2019-10-14T13:41:27Z,UUCmh3nJayT-7jEM6hg2vP9Q,eP_jgCWKP1g,,2023-06-07 16:46:41.047804
