kind,etag,id,snippet,replies,authorChannelId,publishedAt,textOriginal,nextPageToken,extraction_date
youtube#commentThread,Sq59nRA2dRN40r93hvUlCAQ3T0A,UgxS4Vwf1auMhvbhqfh4AaABAg,"{'videoId': 'GCKVg-W0lWE', 'topLevelComment': {'kind': 'youtube#comment', 'etag': 'lG2jDLTmy-jvsaki6jG9nNEIqrU', 'id': 'UgxS4Vwf1auMhvbhqfh4AaABAg', 'snippet': {'videoId': 'GCKVg-W0lWE', 'textDisplay': 'É nós na fita 13Lula,', 'textOriginal': 'É nós na fita 13Lula,', 'authorDisplayName': 'José Nasareno', 'authorProfileImageUrl': 'https://yt3.ggpht.com/ytc/AGIKgqOfS1HAs020SO6mzO2P-gF7_3PcqzfvirOFLDpg7rCtkFgiN6TMO8Pu-xqCWt_n=s48-c-k-c0x00ffffff-no-rj', 'authorChannelUrl': 'http://www.youtube.com/channel/UCPzOnWVjc711PpbpED35-Kw', 'authorChannelId': {'value': 'UCPzOnWVjc711PpbpED35-Kw'}, 'canRate': True, 'viewerRating': 'none', 'likeCount': 0, 'publishedAt': '2022-10-11T10:29:57Z', 'updatedAt': '2022-10-11T10:29:57Z'}}, 'canReply': True, 'totalReplyCount': 0, 'isPublic': True}",,UCPzOnWVjc711PpbpED35-Kw,2022-10-11T10:29:57Z,"É nós na fita 13Lula,",,2023-06-09 12:16:01.076041
youtube#commentThread,0GeNYQ1sAuii6TzomRx-hgNKrek,Ugy8Bo33ghwQdwRTIjJ4AaABAg,"{'videoId': 'GCKVg-W0lWE', 'topLevelComment': {'kind': 'youtube#comment', 'etag': 'sOQZsNcBv3N9AX7QzDEjxYsvPDU', 'id': 'Ugy8Bo33ghwQdwRTIjJ4AaABAg', 'snippet': {'videoId': 'GCKVg-W0lWE', 'textDisplay': 'Fora bozo e toda sua quadrilha..', 'textOriginal': 'Fora bozo e toda sua quadrilha..', 'authorDisplayName': 'Cesar Ferreira', 'authorProfileImageUrl': 'https://yt3.ggpht.com/ytc/AGIKgqNehz8eAJcuFgDrSoKICrLJCnXZ-iUD5rf8lb7kTTe0tZx5s6oRiBxkt8s-wCEO=s48-c-k-c0x00ffffff-no-rj', 'authorChannelUrl': 'http://www.youtube.com/channel/UCKgN6VYP4UmdIj1BajyjY7w', 'authorChannelId': {'value': 'UCKgN6VYP4UmdIj1BajyjY7w'}, 'canRate': True, 'viewerRating': 'none', 'likeCount': 0, 'publishedAt': '2022-10-10T03:38:30Z', 'updatedAt': '2022-10-10T03:38:30Z'}}, 'canReply': True, 'totalReplyCount': 0, 'isPublic': True}",,UCKgN6VYP4UmdIj1BajyjY7w,2022-10-10T03:38:30Z,Fora bozo e toda sua quadrilha..,,2023-06-09 12:16:01.076041
youtube#commentThread,rCvsMOq05zCqw4cw9OWFmL89dj4,Ugy9M3bVCZXEO5N9BFN4AaABAg,"{'videoId': 'GCKVg-W0lWE', 'topLevelComment': {'kind': 'youtube#comment', 'etag': '6XETzyWLYszSK4Y2weuy-hVBiiI', 'id': 'Ugy9M3bVCZXEO5N9BFN4AaABAg', 'snippet': {'videoId': 'GCKVg-W0lWE', 'textDisplay': 'FORÇA  !!! ESTAMOS LUTUNDO POR SUA VITORIA ...LULA O POVO BRASILEIRO PRECISA  DE SUA AJUDA E PARCERIA MEDIANTE ESSE PSICOPATA QUE ENTROU NO NOSSO PAIS NOS FAZENDO REFENS DE SUAS MALDADES ...DEUS NOS AJUDE A TE ELEGER  .', 'textOriginal': 'FORÇA  !!! ESTAMOS LUTUNDO POR SUA VITORIA ...LULA O POVO BRASILEIRO PRECISA  DE SUA AJUDA E PARCERIA MEDIANTE ESSE PSICOPATA QUE ENTROU NO NOSSO PAIS NOS FAZENDO REFENS DE SUAS MALDADES ...DEUS NOS AJUDE A TE ELEGER  .', 'authorDisplayName': 'Katya Cholo', 'authorProfileImageUrl': 'https://yt3.ggpht.com/ytc/AGIKgqMGNhzZQd3gYAK5ogbeW-4nnjmEd4H5DOay3A=s48-c-k-c0x00ffffff-no-rj', 'authorChannelUrl': 'http://www.youtube.com/channel/UCLnfinIgLWv2vDY6LQKkh0g', 'authorChannelId': {'value': 'UCLnfinIgLWv2vDY6LQKkh0g'}, 'canRate': True, 'viewerRating': 'none', 'likeCount': 1, 'publishedAt': '2022-10-09T11:53:52Z', 'updatedAt': '2022-10-09T11:53:52Z'}}, 'canReply': True, 'totalReplyCount': 0, 'isPublic': True}",,UCLnfinIgLWv2vDY6LQKkh0g,2022-10-09T11:53:52Z,FORÇA  !!! ESTAMOS LUTUNDO POR SUA VITORIA ...LULA O POVO BRASILEIRO PRECISA  DE SUA AJUDA E PARCERIA MEDIANTE ESSE PSICOPATA QUE ENTROU NO NOSSO PAIS NOS FAZENDO REFENS DE SUAS MALDADES ...DEUS NOS AJUDE A TE ELEGER  .,,2023-06-09 12:16:01.076041
youtube#commentThread,WIidYZhfvTnfPb5_Vqa5l6CIEuk,Ugwr4L-_FshDfOVqWSN4AaABAg,"{'videoId': 'GCKVg-W0lWE', 'topLevelComment': {'kind': 'youtube#comment', 'etag': 'hlodhPudg4ggBt04GyyKKZciRjA', 'id': 'Ugwr4L-_FshDfOVqWSN4AaABAg', 'snippet': {'videoId': 'GCKVg-W0lWE', 'textDisplay': 'Lula presidente estamos juntos', 'textOriginal': 'Lula presidente estamos juntos', 'authorDisplayName': 'Moises Prestes', 'authorProfileImageUrl': 'https://yt3.ggpht.com/ytc/AGIKgqNBP4tgbcorXv3XPanjgcbc7Ol6x9zDGxTE-w=s48-c-k-c0x00ffffff-no-rj', 'authorChannelUrl': 'http://www.youtube.com/channel/UCfGP_feLjtlpzgV9ixSpJ3g', 'authorChannelId': {'value': 'UCfGP_feLjtlpzgV9ixSpJ3g'}, 'canRate': True, 'viewerRating': 'none', 'likeCount': 0, 'publishedAt': '2022-10-07T13:29:40Z', 'updatedAt': '2022-10-07T13:29:40Z'}}, 'canReply': True, 'totalReplyCount': 0, 'isPublic': True}",,UCfGP_feLjtlpzgV9ixSpJ3g,2022-10-07T13:29:40Z,Lula presidente estamos juntos,,2023-06-09 12:16:01.076041
youtube#commentThread,UpZDyXqGlAoi5K_or2lTCPVldnc,UgxjBREZPfFSkYbdnUh4AaABAg,"{'videoId': 'GCKVg-W0lWE', 'topLevelComment': {'kind': 'youtube#comment', 'etag': 'kn7tGalXUKTqYegV_xtHtjF8WRg', 'id': 'UgxjBREZPfFSkYbdnUh4AaABAg', 'snippet': {'videoId': 'GCKVg-W0lWE', 'textDisplay': '<a href=""http://www.youtube.com/results?search_query=%23fora"">#Fora</a> bozonaro churume.', 'textOriginal': '#Fora bozonaro churume.', 'authorDisplayName': 'José Wilson', 'authorProfileImageUrl': 'https://yt3.ggpht.com/ytc/AGIKgqOHqUg-eVr-JJTqnXZqP3DXW5jNPH3awJehrw=s48-c-k-c0x00ffffff-no-rj', 'authorChannelUrl': 'http://www.youtube.com/channel/UCmYCExidkiUMazw5Ggfsv8A', 'authorChannelId': {'value': 'UCmYCExidkiUMazw5Ggfsv8A'}, 'canRate': True, 'viewerRating': 'none', 'likeCount': 0, 'publishedAt': '2022-10-07T00:13:05Z', 'updatedAt': '2022-10-07T00:13:05Z'}}, 'canReply': True, 'totalReplyCount': 0, 'isPublic': True}",,UCmYCExidkiUMazw5Ggfsv8A,2022-10-07T00:13:05Z,#Fora bozonaro churume.,,2023-06-09 12:16:01.076041
youtube#commentThread,-BAAFRVzrUAYFKnZj6W_jrsMn5w,Ugw-vPniq0rpyMN7KvV4AaABAg,"{'videoId': 'GCKVg-W0lWE', 'topLevelComment': {'kind': 'youtube#comment', 'etag': 'P1LsBI3leM3AX-wVCA9eaqhCT1s', 'id': 'Ugw-vPniq0rpyMN7KvV4AaABAg', 'snippet': {'videoId': 'GCKVg-W0lWE', 'textDisplay': 'A luta continua só foi adiado a vitória pro segundo turno 2022e13', 'textOriginal': 'A luta continua só foi adiado a vitória pro segundo turno 2022e13', 'authorDisplayName': 'José Wilson', 'authorProfileImageUrl': 'https://yt3.ggpht.com/ytc/AGIKgqOHqUg-eVr-JJTqnXZqP3DXW5jNPH3awJehrw=s48-c-k-c0x00ffffff-no-rj', 'authorChannelUrl': 'http://www.youtube.com/channel/UCmYCExidkiUMazw5Ggfsv8A', 'authorChannelId': {'value': 'UCmYCExidkiUMazw5Ggfsv8A'}, 'canRate': True, 'viewerRating': 'none', 'likeCount': 0, 'publishedAt': '2022-10-07T00:12:12Z', 'updatedAt': '2022-10-07T00:12:12Z'}}, 'canReply': True, 'totalReplyCount': 0, 'isPublic': True}",,UCmYCExidkiUMazw5Ggfsv8A,2022-10-07T00:12:12Z,A luta continua só foi adiado a vitória pro segundo turno 2022e13,,2023-06-09 12:16:01.076041
youtube#commentThread,-t4-90nHjyQimOZ5j--HxCiQ_3E,UgznvtuEVp_zkyjuRs54AaABAg,"{'videoId': 'GCKVg-W0lWE', 'topLevelComment': {'kind': 'youtube#comment', 'etag': 'dMu7L4ATMclqEtdcJybrWomcJxA', 'id': 'UgznvtuEVp_zkyjuRs54AaABAg', 'snippet': {'videoId': 'GCKVg-W0lWE', 'textDisplay': 'Lula nele', 'textOriginal': 'Lula nele', 'authorDisplayName': 'George Plusmel', 'authorProfileImageUrl': 'https://yt3.ggpht.com/ytc/AGIKgqO8xI8psWWcAtT_NXuSN-WqRMMuEE3n3iwe9g=s48-c-k-c0x00ffffff-no-rj', 'authorChannelUrl': 'http://www.youtube.com/channel/UCoG3RiIWGMYkegfi51NkZew', 'authorChannelId': {'value': 'UCoG3RiIWGMYkegfi51NkZew'}, 'canRate': True, 'viewerRating': 'none', 'likeCount': 1, 'publishedAt': '2022-10-06T21:07:57Z', 'updatedAt': '2022-10-06T21:07:57Z'}}, 'canReply': True, 'totalReplyCount': 0, 'isPublic': True}",,UCoG3RiIWGMYkegfi51NkZew,2022-10-06T21:07:57Z,Lula nele,,2023-06-09 12:16:01.076041
youtube#commentThread,6w3VXufUW361fqeFiXAkNOvZTHY,UgxAJrHXAXk1V0SljmR4AaABAg,"{'videoId': 'GCKVg-W0lWE', 'topLevelComment': {'kind': 'youtube#comment', 'etag': 'GgyH7D_HY3mGDAJ3JiPXC7H0RJw', 'id': 'UgxAJrHXAXk1V0SljmR4AaABAg', 'snippet': {'videoId': 'GCKVg-W0lWE', 'textDisplay': 'Vamos eleitores vamos convencer seu amigo seu vizinho, a votar no Lula; melhor presidente da República que o Brasil já teve', 'textOriginal': 'Vamos eleitores vamos convencer seu amigo seu vizinho, a votar no Lula; melhor presidente da República que o Brasil já teve', 'authorDisplayName': 'Nivaldo Jardim', 'authorProfileImageUrl': 'https://yt3.ggpht.com/ytc/AGIKgqM_uulHYElqAKSZb9A10Q29bigAs0Hq9pKbD9Pp0XERjuoLyXfXQSc_SJ8TGE2N=s48-c-k-c0x00ffffff-no-rj', 'authorChannelUrl': 'http://www.youtube.com/channel/UCYIMzb29gyNxyBNrR3rwKMA', 'authorChannelId': {'value': 'UCYIMzb29gyNxyBNrR3rwKMA'}, 'canRate': True, 'viewerRating': 'none', 'likeCount': 3, 'publishedAt': '2022-10-06T18:47:26Z', 'updatedAt': '2022-10-06T18:47:26Z'}}, 'canReply': True, 'totalReplyCount': 0, 'isPublic': True}",,UCYIMzb29gyNxyBNrR3rwKMA,2022-10-06T18:47:26Z,"Vamos eleitores vamos convencer seu amigo seu vizinho, a votar no Lula; melhor presidente da República que o Brasil já teve",,2023-06-09 12:16:01.076041
youtube#commentThread,e7u6gWyKvgjQDU3FhA6zJXCfe4w,UgwhLkPJHceIq-SZhTV4AaABAg,"{'videoId': 'GCKVg-W0lWE', 'topLevelComment': {'kind': 'youtube#comment', 'etag': '0f7VFspZhAqUXJRzs_lRCH3s1zI', 'id': 'UgwhLkPJHceIq-SZhTV4AaABAg', 'snippet': {'videoId': 'GCKVg-W0lWE', 'textDisplay': 'Com pesquisa o sem ja ganhamos kkkkkk  131313', 'textOriginal': 'Com pesquisa o sem ja ganhamos kkkkkk  131313', 'authorDisplayName': 'Alicia Acevedo', 'authorProfileImageUrl': 'https://yt3.ggpht.com/ytc/AGIKgqPHymRpy7xZgNRm7cj9mh-GEKHVtCavR3d_MA=s48-c-k-c0x00ffffff-no-rj', 'authorChannelUrl': 'http://www.youtube.com/channel/UCbByuD8hCwKwRmDlNsdl1YQ', 'authorChannelId': {'value': 'UCbByuD8hCwKwRmDlNsdl1YQ'}, 'canRate': True, 'viewerRating': 'none', 'likeCount': 3, 'publishedAt': '2022-10-06T18:45:07Z', 'updatedAt': '2022-10-06T18:45:07Z'}}, 'canReply': True, 'totalReplyCount': 0, 'isPublic': True}",,UCbByuD8hCwKwRmDlNsdl1YQ,2022-10-06T18:45:07Z,Com pesquisa o sem ja ganhamos kkkkkk  131313,,2023-06-09 12:16:01.076041
youtube#commentThread,RfZG08pB9K-T0Q7v1Rm6vySseKY,UgxS_onlZEj5j_mv_Dt4AaABAg,"{'videoId': 'GCKVg-W0lWE', 'topLevelComment': {'kind': 'youtube#comment', 'etag': 'YwlcxGA__xFTcFypU619ewzNUkw', 'id': 'UgxS_onlZEj5j_mv_Dt4AaABAg', 'snippet': {'videoId': 'GCKVg-W0lWE', 'textDisplay': 'Kkkkkk ta na cara gente sera historuca a vitoria kkkkk13131313', 'textOriginal': 'Kkkkkk ta na cara gente sera historuca a vitoria kkkkk13131313', 'authorDisplayName': 'Alicia Acevedo', 'authorProfileImageUrl': 'https://yt3.ggpht.com/ytc/AGIKgqPHymRpy7xZgNRm7cj9mh-GEKHVtCavR3d_MA=s48-c-k-c0x00ffffff-no-rj', 'authorChannelUrl': 'http://www.youtube.com/channel/UCbByuD8hCwKwRmDlNsdl1YQ', 'authorChannelId': {'value': 'UCbByuD8hCwKwRmDlNsdl1YQ'}, 'canRate': True, 'viewerRating': 'none', 'likeCount': 3, 'publishedAt': '2022-10-06T18:44:05Z', 'updatedAt': '2022-10-06T18:44:05Z'}}, 'canReply': True, 'totalReplyCount': 0, 'isPublic': True}",,UCbByuD8hCwKwRmDlNsdl1YQ,2022-10-06T18:44:05Z,Kkkkkk ta na cara gente sera historuca a vitoria kkkkk13131313,,2023-06-09 12:16:01.076041
youtube#commentThread,UEqTx0cmKNzkc4HwpXmIZYHO5V4,Ugx1npJCazcUlu3RDJ94AaABAg,"{'videoId': 'GCKVg-W0lWE', 'topLevelComment': {'kind': 'youtube#comment', 'etag': 'vVsleqv1ncxStPrLZeY_sDK_GiA', 'id': 'Ugx1npJCazcUlu3RDJ94AaABAg', 'snippet': {'videoId': 'GCKVg-W0lWE', 'textDisplay': 'Tudo mentira fraude na cara dura essas pesquisas são só para induzir o povo a votar no presidiário lula contratadas advinha só por quem globo lixo emissora do ladrão', 'textOriginal': 'Tudo mentira fraude na cara dura essas pesquisas são só para induzir o povo a votar no presidiário lula contratadas advinha só por quem globo lixo emissora do ladrão', 'authorDisplayName': 'Wagner José Lopes de Jesus Oreia', 'authorProfileImageUrl': 'https://yt3.ggpht.com/ytc/AGIKgqMo406D-4dbenNq45OyXjvG3lCQjS9-jrCxHcO4ZmEDhjgFgodN4dkmtUJZ3r0X=s48-c-k-c0x00ffffff-no-rj', 'authorChannelUrl': 'http://www.youtube.com/channel/UCo7YTv5_QyTEMqvnmtqtNMA', 'authorChannelId': {'value': 'UCo7YTv5_QyTEMqvnmtqtNMA'}, 'canRate': True, 'viewerRating': 'none', 'likeCount': 0, 'publishedAt': '2022-10-06T18:14:19Z', 'updatedAt': '2022-10-06T18:14:19Z'}}, 'canReply': True, 'totalReplyCount': 0, 'isPublic': True}",,UCo7YTv5_QyTEMqvnmtqtNMA,2022-10-06T18:14:19Z,Tudo mentira fraude na cara dura essas pesquisas são só para induzir o povo a votar no presidiário lula contratadas advinha só por quem globo lixo emissora do ladrão,,2023-06-09 12:16:01.076041
youtube#commentThread,7mR6ZJJ8eH6ohEu357SsUK3UkHk,Ugx8wIr_DOujPDPsYRl4AaABAg,"{'videoId': 'GCKVg-W0lWE', 'topLevelComment': {'kind': 'youtube#comment', 'etag': 'jlYisqjYJAAz9ZPTf4mzTqQXIx8', 'id': 'Ugx8wIr_DOujPDPsYRl4AaABAg', 'snippet': {'videoId': 'GCKVg-W0lWE', 'textDisplay': 'Kkkkkkk fonte segura', 'textOriginal': 'Kkkkkkk fonte segura', 'authorDisplayName': 'Val Santos', 'authorProfileImageUrl': 'https://yt3.ggpht.com/FQQP1k83iEfjVmdOVIS2cR3uk98X26QKjhewT97uARI2M59hYfVeWzxN4mBi-9TeNmWFE3fa=s48-c-k-c0x00ffffff-no-rj', 'authorChannelUrl': 'http://www.youtube.com/channel/UCXWPMI8pqVIxBR8ATlUsSrQ', 'authorChannelId': {'value': 'UCXWPMI8pqVIxBR8ATlUsSrQ'}, 'canRate': True, 'viewerRating': 'none', 'likeCount': 2, 'publishedAt': '2022-10-06T16:15:02Z', 'updatedAt': '2022-10-06T16:15:02Z'}}, 'canReply': True, 'totalReplyCount': 0, 'isPublic': True}",,UCXWPMI8pqVIxBR8ATlUsSrQ,2022-10-06T16:15:02Z,Kkkkkkk fonte segura,,2023-06-09 12:16:01.076041
youtube#commentThread,Xx5OyQz_aH8ocoYmnzfKsFQBKPY,UgzlO98bGY4Lojx9ICp4AaABAg,"{'videoId': 'GCKVg-W0lWE', 'topLevelComment': {'kind': 'youtube#comment', 'etag': 'sBix3k5fIWT46miVmTuJpkGty30', 'id': 'UgzlO98bGY4Lojx9ICp4AaABAg', 'snippet': {'videoId': 'GCKVg-W0lWE', 'textDisplay': 'Só dez ?? Ele tem que ter no mínimo 30 diferença. Acorda povo. Pra um Brasil , sem tanta violência.mais.amor, menos xingamentos, não  às guerras!!', 'textOriginal': 'Só dez ?? Ele tem que ter no mínimo 30 diferença. Acorda povo. Pra um Brasil , sem tanta violência.mais.amor, menos xingamentos, não  às guerras!!', 'authorDisplayName': 'Maria Conceição', 'authorProfileImageUrl': 'https://yt3.ggpht.com/ytc/AGIKgqOBhMBgYvBwoSyAzVyitfEZ9iol_owbAnuhSZkjNMQUILWPedDbent7TF71vpH0=s48-c-k-c0x00ffffff-no-rj', 'authorChannelUrl': 'http://www.youtube.com/channel/UC8INxSGm6uEs35GPzaC8TKg', 'authorChannelId': {'value': 'UC8INxSGm6uEs35GPzaC8TKg'}, 'canRate': True, 'viewerRating': 'none', 'likeCount': 3, 'publishedAt': '2022-10-06T15:03:54Z', 'updatedAt': '2022-10-06T15:03:54Z'}}, 'canReply': True, 'totalReplyCount': 0, 'isPublic': True}",,UC8INxSGm6uEs35GPzaC8TKg,2022-10-06T15:03:54Z,"Só dez ?? Ele tem que ter no mínimo 30 diferença. Acorda povo. Pra um Brasil , sem tanta violência.mais.amor, menos xingamentos, não  às guerras!!",,2023-06-09 12:16:01.076041
youtube#commentThread,OeTygr3ed7-HkLIcj3Fs2_KJHWs,Ugw77FLxHxp0jxRQkIx4AaABAg,"{'videoId': 'GCKVg-W0lWE', 'topLevelComment': {'kind': 'youtube#comment', 'etag': 'vC_9x3oLOhFWMur2VHtf9NFwl0k', 'id': 'Ugw77FLxHxp0jxRQkIx4AaABAg', 'snippet': {'videoId': 'GCKVg-W0lWE', 'textDisplay': 'Vamos de Lula 13', 'textOriginal': 'Vamos de Lula 13', 'authorDisplayName': 'Ana Viegas', 'authorProfileImageUrl': 'https://yt3.ggpht.com/ytc/AGIKgqMt8sglsMAKg4n0NBp5d3IFqTuZM_HgtwXTMg=s48-c-k-c0x00ffffff-no-rj', 'authorChannelUrl': 'http://www.youtube.com/channel/UCZAUuCETS51je5ALkZRkxRg', 'authorChannelId': {'value': 'UCZAUuCETS51je5ALkZRkxRg'}, 'canRate': True, 'viewerRating': 'none', 'likeCount': 6, 'publishedAt': '2022-10-06T13:27:40Z', 'updatedAt': '2022-10-06T13:27:40Z'}}, 'canReply': True, 'totalReplyCount': 0, 'isPublic': True}",,UCZAUuCETS51je5ALkZRkxRg,2022-10-06T13:27:40Z,Vamos de Lula 13,,2023-06-09 12:16:01.076041
youtube#commentThread,ZF_7CEw5UhIkjcn3MqCRTniQ5dk,Ugz_hDfPTf8Lawg5JZB4AaABAg,"{'videoId': 'GCKVg-W0lWE', 'topLevelComment': {'kind': 'youtube#comment', 'etag': 'HyJ4r5LYHMnY3iD7iGN4svyre_g', 'id': 'Ugz_hDfPTf8Lawg5JZB4AaABAg', 'snippet': {'videoId': 'GCKVg-W0lWE', 'textDisplay': 'O POVO BRASILEIRO ACORDOU, NO SEGUNDO TURNO VAMOS VOTAR EM LULA E EM CANDIDATOS DA ESQUERDA DE NOVO, É LULA PRESIDENTE DO POVO.', 'textOriginal': 'O POVO BRASILEIRO ACORDOU, NO SEGUNDO TURNO VAMOS VOTAR EM LULA E EM CANDIDATOS DA ESQUERDA DE NOVO, É LULA PRESIDENTE DO POVO.', 'authorDisplayName': 'J. Alves da Silva', 'authorProfileImageUrl': 'https://yt3.ggpht.com/ytc/AGIKgqMApj1GsvxSLClY3Cy9c6DD8mVh6ae2F8p8OKMWBc6AKNy3Jqftki-MSRzhw1mn=s48-c-k-c0x00ffffff-no-rj', 'authorChannelUrl': 'http://www.youtube.com/channel/UC3E_5xBo4ipsRnyo50UygDQ', 'authorChannelId': {'value': 'UC3E_5xBo4ipsRnyo50UygDQ'}, 'canRate': True, 'viewerRating': 'none', 'likeCount': 3, 'publishedAt': '2022-10-06T10:27:06Z', 'updatedAt': '2022-10-06T10:27:06Z'}}, 'canReply': True, 'totalReplyCount': 0, 'isPublic': True}",,UC3E_5xBo4ipsRnyo50UygDQ,2022-10-06T10:27:06Z,"O POVO BRASILEIRO ACORDOU, NO SEGUNDO TURNO VAMOS VOTAR EM LULA E EM CANDIDATOS DA ESQUERDA DE NOVO, É LULA PRESIDENTE DO POVO.",,2023-06-09 12:16:01.076041
youtube#commentThread,YD5Fzj4CgqR6qBAm_MDPbobiZBs,UgwfR64LIsWYvzTsDo54AaABAg,"{'videoId': 'GCKVg-W0lWE', 'topLevelComment': {'kind': 'youtube#comment', 'etag': 'Nj45FpZe_qFkcIG_YKqq651y4kk', 'id': 'UgwfR64LIsWYvzTsDo54AaABAg', 'snippet': {'videoId': 'GCKVg-W0lWE', 'textDisplay': 'Fica esperto com essa pesquisa PT.', 'textOriginal': 'Fica esperto com essa pesquisa PT.', 'authorDisplayName': 'Reneschi SCHIAVON', 'authorProfileImageUrl': 'https://yt3.ggpht.com/ytc/AGIKgqPOq01VDv1UgnYzKyjz64BEncU2hkYndInOb9sq=s48-c-k-c0x00ffffff-no-rj', 'authorChannelUrl': 'http://www.youtube.com/channel/UCznYvsHxe29DNEqyAYe-zlQ', 'authorChannelId': {'value': 'UCznYvsHxe29DNEqyAYe-zlQ'}, 'canRate': True, 'viewerRating': 'none', 'likeCount': 3, 'publishedAt': '2022-10-06T10:16:42Z', 'updatedAt': '2022-10-06T10:16:42Z'}}, 'canReply': True, 'totalReplyCount': 0, 'isPublic': True}",,UCznYvsHxe29DNEqyAYe-zlQ,2022-10-06T10:16:42Z,Fica esperto com essa pesquisa PT.,,2023-06-09 12:16:01.076041
youtube#commentThread,RX4z-AZulvvLeCtJduH4g3y_vAs,UgwmFm4H9b6uctSrw0R4AaABAg,"{'videoId': 'GCKVg-W0lWE', 'topLevelComment': {'kind': 'youtube#comment', 'etag': 'hBhZ4yx84afuENJwHOrm7Ues51w', 'id': 'UgwmFm4H9b6uctSrw0R4AaABAg', 'snippet': {'videoId': 'GCKVg-W0lWE', 'textDisplay': 'Não  podemos acreditar nisso e nos acomodar vamos com respeito Agora ser incisivos e PRAGMÁTICOS  Politicamente LULA 13', 'textOriginal': 'Não  podemos acreditar nisso e nos acomodar vamos com respeito Agora ser incisivos e PRAGMÁTICOS  Politicamente LULA 13', 'authorDisplayName': 'Luiz Hernandez', 'authorProfileImageUrl': 'https://yt3.ggpht.com/ytc/AGIKgqOPVhHV9H3z_AnUp232Ud_kOE-AK63G8Tz09w=s48-c-k-c0x00ffffff-no-rj', 'authorChannelUrl': 'http://www.youtube.com/channel/UCnUHi14M0ZWKTFqtQ6w-z-w', 'authorChannelId': {'value': 'UCnUHi14M0ZWKTFqtQ6w-z-w'}, 'canRate': True, 'viewerRating': 'none', 'likeCount': 2, 'publishedAt': '2022-10-06T10:16:01Z', 'updatedAt': '2022-10-06T10:16:01Z'}}, 'canReply': True, 'totalReplyCount': 0, 'isPublic': True}",,UCnUHi14M0ZWKTFqtQ6w-z-w,2022-10-06T10:16:01Z,Não  podemos acreditar nisso e nos acomodar vamos com respeito Agora ser incisivos e PRAGMÁTICOS  Politicamente LULA 13,,2023-06-09 12:16:01.076041
youtube#commentThread,3QhUNzS6w5Gc0cW3RxjGBTQSi2I,UgxvpYnZrQc-P-etC7V4AaABAg,"{'videoId': 'GCKVg-W0lWE', 'topLevelComment': {'kind': 'youtube#comment', 'etag': 'T2OhLuLzVyNps3InOXfJvaiQm4k', 'id': 'UgxvpYnZrQc-P-etC7V4AaABAg', 'snippet': {'videoId': 'GCKVg-W0lWE', 'textDisplay': 'Deus  abençoe  o Lula  e nossa vida', 'textOriginal': 'Deus  abençoe  o Lula  e nossa vida', 'authorDisplayName': 'Ledy silvasousa', 'authorProfileImageUrl': 'https://yt3.ggpht.com/ytc/AGIKgqOjBmBIjy363X4fJQN--tO6xJxrr3qvh6XMYw=s48-c-k-c0x00ffffff-no-rj', 'authorChannelUrl': 'http://www.youtube.com/channel/UCQxDYo13T09kaUqGIhrzYhw', 'authorChannelId': {'value': 'UCQxDYo13T09kaUqGIhrzYhw'}, 'canRate': True, 'viewerRating': 'none', 'likeCount': 6, 'publishedAt': '2022-10-06T10:14:38Z', 'updatedAt': '2022-10-06T10:14:38Z'}}, 'canReply': True, 'totalReplyCount': 0, 'isPublic': True}",,UCQxDYo13T09kaUqGIhrzYhw,2022-10-06T10:14:38Z,Deus  abençoe  o Lula  e nossa vida,,2023-06-09 12:16:01.076041
youtube#commentThread,RL8ZCJRgwnKBVNvatlAPSXIUURs,Ugxj9o93Kpfv9PvFlUJ4AaABAg,"{'videoId': 'GCKVg-W0lWE', 'topLevelComment': {'kind': 'youtube#comment', 'etag': '8-LLBOntLNfieAyetIVeKKE0Emw', 'id': 'Ugxj9o93Kpfv9PvFlUJ4AaABAg', 'snippet': {'videoId': 'GCKVg-W0lWE', 'textDisplay': 'Acredita kkkkkkk.', 'textOriginal': 'Acredita kkkkkkk.', 'authorDisplayName': 'fernando vicente', 'authorProfileImageUrl': 'https://yt3.ggpht.com/ytc/AGIKgqM8KGoWVvK_r-oSSHgap6Vkp9SwntXcaxo--97j4Q=s48-c-k-c0x00ffffff-no-rj', 'authorChannelUrl': 'http://www.youtube.com/channel/UCIF6mA6AtMvfDa_Xc2MO02Q', 'authorChannelId': {'value': 'UCIF6mA6AtMvfDa_Xc2MO02Q'}, 'canRate': True, 'viewerRating': 'none', 'likeCount': 3, 'publishedAt': '2022-10-06T07:46:15Z', 'updatedAt': '2022-10-06T07:46:15Z'}}, 'canReply': True, 'totalReplyCount': 3, 'isPublic': True}","{'comments': [{'kind': 'youtube#comment', 'etag': '70KWvzIDHtbtZSHHhlUthepje6w', 'id': 'Ugxj9o93Kpfv9PvFlUJ4AaABAg.9gppPJGXgHG9gqrjtwC93D', 'snippet': {'videoId': 'GCKVg-W0lWE', 'textDisplay': '@fernando vicente se bozo fizer 51 vai ser muita coincidência com número de imóveis da grande família', 'textOriginal': '@fernando vicente se bozo fizer 51 vai ser muita coincidência com número de imóveis da grande família', 'parentId': 'Ugxj9o93Kpfv9PvFlUJ4AaABAg', 'authorDisplayName': 'bagual das missões', 'authorProfileImageUrl': 'https://yt3.ggpht.com/fT2NpHUQydm-p-2XmMDMJXlvFMXfpqyO5iTH8xvlGYd3y5peFewfLE04Q6N4I9nS6Xm0pW7KHGw=s48-c-k-c0x00ffffff-no-rj', 'authorChannelUrl': 'http://www.youtube.com/channel/UC4PTgVGxsz5Joqd9CoaG0tA', 'authorChannelId': {'value': 'UC4PTgVGxsz5Joqd9CoaG0tA'}, 'canRate': True, 'viewerRating': 'none', 'likeCount': 0, 'publishedAt': '2022-10-06T17:25:54Z', 'updatedAt': '2022-10-06T17:25:54Z'}}, {'kind': 'youtube#comment', 'etag': 'Z4Yx8ZWPgAWBbp5QVplLJeoUGZ0', 'id': 'Ugxj9o93Kpfv9PvFlUJ4AaABAg.9gppPJGXgHG9gqqfjikkzl', 'snippet': {'videoId': 'GCKVg-W0lWE', 'textDisplay': '@bagual das missões kkkkkkk, lula tem 867%', 'textOriginal': '@bagual das missões kkkkkkk, lula tem 867%', 'parentId': 'Ugxj9o93Kpfv9PvFlUJ4AaABAg', 'authorDisplayName': 'fernando vicente', 'authorProfileImageUrl': 'https://yt3.ggpht.com/ytc/AGIKgqM8KGoWVvK_r-oSSHgap6Vkp9SwntXcaxo--97j4Q=s48-c-k-c0x00ffffff-no-rj', 'authorChannelUrl': 'http://www.youtube.com/channel/UCIF6mA6AtMvfDa_Xc2MO02Q', 'authorChannelId': {'value': 'UCIF6mA6AtMvfDa_Xc2MO02Q'}, 'canRate': True, 'viewerRating': 'none', 'likeCount': 0, 'publishedAt': '2022-10-06T17:16:36Z', 'updatedAt': '2022-10-06T17:16:36Z'}}, {'kind': 'youtube#comment', 'etag': 'dOv9QpuHujHy8eDZ4okEBCPBIlg', 'id': 'Ugxj9o93Kpfv9PvFlUJ4AaABAg.9gppPJGXgHG9gqfKqglIlp', 'snippet': {'videoId': 'GCKVg-W0lWE', 'textDisplay': 'Deve está uns #13 pontos de diferença kkkk', 'textOriginal': 'Deve está uns #13 pontos de diferença kkkk', 'parentId': 'Ugxj9o93Kpfv9PvFlUJ4AaABAg', 'authorDisplayName': 'bagual das missões', 'authorProfileImageUrl': 'https://yt3.ggpht.com/fT2NpHUQydm-p-2XmMDMJXlvFMXfpqyO5iTH8xvlGYd3y5peFewfLE04Q6N4I9nS6Xm0pW7KHGw=s48-c-k-c0x00ffffff-no-rj', 'authorChannelUrl': 'http://www.youtube.com/channel/UC4PTgVGxsz5Joqd9CoaG0tA', 'authorChannelId': {'value': 'UC4PTgVGxsz5Joqd9CoaG0tA'}, 'canRate': True, 'viewerRating': 'none', 'likeCount': 0, 'publishedAt': '2022-10-06T15:37:30Z', 'updatedAt': '2022-10-06T15:37:30Z'}}]}",UCIF6mA6AtMvfDa_Xc2MO02Q,2022-10-06T07:46:15Z,Acredita kkkkkkk.,,2023-06-09 12:16:01.076041
youtube#commentThread,9PpXk5xJPGT0nputE2AkEa_FHLs,UgwnkL6VfhBHEymDEUZ4AaABAg,"{'videoId': 'GCKVg-W0lWE', 'topLevelComment': {'kind': 'youtube#comment', 'etag': 'f_1MeEZsSYYNo1LKFPhDtIVwrJw', 'id': 'UgwnkL6VfhBHEymDEUZ4AaABAg', 'snippet': {'videoId': 'GCKVg-W0lWE', 'textDisplay': 'LULA 13 ❤️', 'textOriginal': 'LULA 13 ❤️', 'authorDisplayName': 'Fernando Barbosa', 'authorProfileImageUrl': 'https://yt3.ggpht.com/Iz0tyqoFg00ry0gv_c5U9XZuHJu1-KPbzPnhDjtwgFXcBV_nQMCvZT6ol5aFPBOdGU3nrlj8g6g=s48-c-k-c0x00ffffff-no-rj', 'authorChannelUrl': 'http://www.youtube.com/channel/UC-m1hcX5ZlZY6Ajz-54kokA', 'authorChannelId': {'value': 'UC-m1hcX5ZlZY6Ajz-54kokA'}, 'canRate': True, 'viewerRating': 'none', 'likeCount': 4, 'publishedAt': '2022-10-06T03:50:32Z', 'updatedAt': '2022-10-06T03:50:32Z'}}, 'canReply': True, 'totalReplyCount': 0, 'isPublic': True}",,UC-m1hcX5ZlZY6Ajz-54kokA,2022-10-06T03:50:32Z,LULA 13 ❤️,,2023-06-09 12:16:01.076041
youtube#commentThread,089fPMJXqCBxuJ0CNBlxIFxgHt8,UgwDTVqtM5E2fqvCtzB4AaABAg,"{'videoId': 'GCKVg-W0lWE', 'topLevelComment': {'kind': 'youtube#comment', 'etag': 'l3Zu6pFhhrNxtzIbxjinKzk_3Us', 'id': 'UgwDTVqtM5E2fqvCtzB4AaABAg', 'snippet': {'videoId': 'GCKVg-W0lWE', 'textDisplay': 'Lula13 Presidente 60%', 'textOriginal': 'Lula13 Presidente 60%', 'authorDisplayName': 'MARILENE TURISMO', 'authorProfileImageUrl': 'https://yt3.ggpht.com/ytc/AGIKgqOvga8m6dq323C9xjZSdBwaY86BwaiO3AQUqw=s48-c-k-c0x00ffffff-no-rj', 'authorChannelUrl': 'http://www.youtube.com/channel/UCvTVXcJCFJ2eeZIgPSvMlLw', 'authorChannelId': {'value': 'UCvTVXcJCFJ2eeZIgPSvMlLw'}, 'canRate': True, 'viewerRating': 'none', 'likeCount': 9, 'publishedAt': '2022-10-06T03:10:09Z', 'updatedAt': '2022-10-06T03:10:09Z'}}, 'canReply': True, 'totalReplyCount': 0, 'isPublic': True}",,UCvTVXcJCFJ2eeZIgPSvMlLw,2022-10-06T03:10:09Z,Lula13 Presidente 60%,,2023-06-09 12:16:01.076041
youtube#commentThread,ALAvLL28ZSocJ4fNDKCmZiNA8B4,Ugw8XPPx7_lq0GxnOxp4AaABAg,"{'videoId': 'GCKVg-W0lWE', 'topLevelComment': {'kind': 'youtube#comment', 'etag': 'D0nXpollRMqEdpxDbbXOItM4j_8', 'id': 'Ugw8XPPx7_lq0GxnOxp4AaABAg', 'snippet': {'videoId': 'GCKVg-W0lWE', 'textDisplay': 'Não creio mais ➕ nesses institutos', 'textOriginal': 'Não creio mais ➕ nesses institutos', 'authorDisplayName': 'Marcus Vinicius', 'authorProfileImageUrl': 'https://yt3.ggpht.com/ytc/AGIKgqMskZGZY10wH46g_oQJYf36uww-RAJmNjMyGx-ixQ=s48-c-k-c0x00ffffff-no-rj', 'authorChannelUrl': 'http://www.youtube.com/channel/UCCiRWDxCtleRfDvviDxJefw', 'authorChannelId': {'value': 'UCCiRWDxCtleRfDvviDxJefw'}, 'canRate': True, 'viewerRating': 'none', 'likeCount': 1, 'publishedAt': '2022-10-06T01:36:44Z', 'updatedAt': '2022-10-06T01:36:44Z'}}, 'canReply': True, 'totalReplyCount': 0, 'isPublic': True}",,UCCiRWDxCtleRfDvviDxJefw,2022-10-06T01:36:44Z,Não creio mais ➕ nesses institutos,,2023-06-09 12:16:01.076041
youtube#commentThread,2Qn-ZkBHw6l2yUfbRZz7lvRxGCI,UgxFstfstFWI4f-Lajd4AaABAg,"{'videoId': 'GCKVg-W0lWE', 'topLevelComment': {'kind': 'youtube#comment', 'etag': 'ybMbsIQf271TSmtPPRiKpBCknnk', 'id': 'UgxFstfstFWI4f-Lajd4AaABAg', 'snippet': {'videoId': 'GCKVg-W0lWE', 'textDisplay': 'Hospício para o louco !', 'textOriginal': 'Hospício para o louco !', 'authorDisplayName': 'Janaina Pimentel', 'authorProfileImageUrl': 'https://yt3.ggpht.com/ytc/AGIKgqOOr_iUa1gPtziizJeHIgqhI12yffBJmHl3C8ECjQ=s48-c-k-c0x00ffffff-no-rj', 'authorChannelUrl': 'http://www.youtube.com/channel/UCsELqM-QFBvkJuT8MnPtWQA', 'authorChannelId': {'value': 'UCsELqM-QFBvkJuT8MnPtWQA'}, 'canRate': True, 'viewerRating': 'none', 'likeCount': 2, 'publishedAt': '2022-10-06T01:30:53Z', 'updatedAt': '2022-10-06T01:30:53Z'}}, 'canReply': True, 'totalReplyCount': 0, 'isPublic': True}",,UCsELqM-QFBvkJuT8MnPtWQA,2022-10-06T01:30:53Z,Hospício para o louco !,,2023-06-09 12:16:01.076041
youtube#commentThread,vOPhXvTkFjTHq8ceoPnEtqUbe0Y,Ugx9cfZcNvV7_RVFicF4AaABAg,"{'videoId': 'GCKVg-W0lWE', 'topLevelComment': {'kind': 'youtube#comment', 'etag': '70JpFz5IhSMpC6aYD8i3Ktt7YP4', 'id': 'Ugx9cfZcNvV7_RVFicF4AaABAg', 'snippet': {'videoId': 'GCKVg-W0lWE', 'textDisplay': 'Boanoite ñ tenho dúvida que Lula vai ser eleito com 59%', 'textOriginal': 'Boanoite ñ tenho dúvida que Lula vai ser eleito com 59%', 'authorDisplayName': 'Rene Oliveira Costa', 'authorProfileImageUrl': 'https://yt3.ggpht.com/ytc/AGIKgqM9zY9MNhEKESyK2DRdSF4ivdR-ODAR7Car9g=s48-c-k-c0x00ffffff-no-rj', 'authorChannelUrl': 'http://www.youtube.com/channel/UCz5cXzs_HkBMiUg2IMYRlPA', 'authorChannelId': {'value': 'UCz5cXzs_HkBMiUg2IMYRlPA'}, 'canRate': True, 'viewerRating': 'none', 'likeCount': 10, 'publishedAt': '2022-10-06T01:19:30Z', 'updatedAt': '2022-10-06T01:19:30Z'}}, 'canReply': True, 'totalReplyCount': 0, 'isPublic': True}",,UCz5cXzs_HkBMiUg2IMYRlPA,2022-10-06T01:19:30Z,Boanoite ñ tenho dúvida que Lula vai ser eleito com 59%,,2023-06-09 12:16:01.076041
