kind,etag,id,snippet.title,snippet.description,snippet.customUrl,snippet.publishedAt,snippet.thumbnails,snippet.localized,snippet.country,statistics.viewCount,statistics.subscriberCount,statistics.hiddenSubscriberCount,statistics.videoCount
youtube#channel,-J1CvKhdfoiisI083GOzp3IRl3U,UCoa-D_VfMkFrCYodrOC9-mA,Band Jornalismo,"Lives exclusivas para voc√™ participar e conversar com nossos especialistas e convidados. Veja ao vivo ou reveja na √≠ntegra os nossos telejornais e programas. As melhores reportagens, os coment√°rios do nosso time de jornalistas e especialistas e os principais conte√∫dos da tela da Band para voc√™ assistir quando e onde quiser.",@bandjornalismo,2016-08-08T19:56:08Z,"{'default': {'url': 'https://yt3.ggpht.com/FlPTmZcNiGyJmIpz0_AslS1nYf4RAOu0-w6pLsxIg-70CHZzG-xPGr00h0IFbt3ry-9iWs5CKA=s88-c-k-c0x00ffffff-no-rj', 'width': 88, 'height': 88}, 'medium': {'url': 'https://yt3.ggpht.com/FlPTmZcNiGyJmIpz0_AslS1nYf4RAOu0-w6pLsxIg-70CHZzG-xPGr00h0IFbt3ry-9iWs5CKA=s240-c-k-c0x00ffffff-no-rj', 'width': 240, 'height': 240}, 'high': {'url': 'https://yt3.ggpht.com/FlPTmZcNiGyJmIpz0_AslS1nYf4RAOu0-w6pLsxIg-70CHZzG-xPGr00h0IFbt3ry-9iWs5CKA=s800-c-k-c0x00ffffff-no-rj', 'width': 800, 'height': 800}}","{'title': 'Band Jornalismo', 'description': 'Lives exclusivas para voc√™ participar e conversar com nossos especialistas e convidados. Veja ao vivo ou reveja na √≠ntegra os nossos telejornais e programas. As melhores reportagens, os coment√°rios do nosso time de jornalistas e especialistas e os principais conte√∫dos da tela da Band para voc√™ assistir quando e onde quiser.'}",BR,1984669779,4650000,False,109374
youtube#channel,eIvKWBURmxQ-uqlt40X3wvIwFKw,UCVFbXI6Gu8U2f9Gjtxw4A-Q,UOL,"UOL News, UOL Entrevista e coberturas ao VIVO todos os dias.",@uol,2006-03-19T15:34:42Z,"{'default': {'url': 'https://yt3.ggpht.com/ytc/AGIKgqNVG_94dLiKqRZQvijWGCKZZRpJtHZZhtUo6Q67lQ=s88-c-k-c0x00ffffff-no-rj', 'width': 88, 'height': 88}, 'medium': {'url': 'https://yt3.ggpht.com/ytc/AGIKgqNVG_94dLiKqRZQvijWGCKZZRpJtHZZhtUo6Q67lQ=s240-c-k-c0x00ffffff-no-rj', 'width': 240, 'height': 240}, 'high': {'url': 'https://yt3.ggpht.com/ytc/AGIKgqNVG_94dLiKqRZQvijWGCKZZRpJtHZZhtUo6Q67lQ=s800-c-k-c0x00ffffff-no-rj', 'width': 800, 'height': 800}}","{'title': 'UOL', 'description': 'UOL News, UOL Entrevista e coberturas ao VIVO todos os dias.'}",BR,2492324743,3410000,False,48194
youtube#channel,rVPFGgqF5_NnYxiUE51rbQEywaM,UCmYuiV9wAR3i8p19Ygc7izg,Folha de S.Paulo,"Entrevistas, document√°rios, an√°lises e reportagens produzidos pela Folha",@folha,2006-03-01T16:16:04Z,"{'default': {'url': 'https://yt3.ggpht.com/N2fcR7REBeaSDM5eVvOJNDZRfn5vwPMSqnYGzBXnVbA9XNeduuQvbJrn745SGmFM9KF4FSSzJTA=s88-c-k-c0x00ffffff-no-rj', 'width': 88, 'height': 88}, 'medium': {'url': 'https://yt3.ggpht.com/N2fcR7REBeaSDM5eVvOJNDZRfn5vwPMSqnYGzBXnVbA9XNeduuQvbJrn745SGmFM9KF4FSSzJTA=s240-c-k-c0x00ffffff-no-rj', 'width': 240, 'height': 240}, 'high': {'url': 'https://yt3.ggpht.com/N2fcR7REBeaSDM5eVvOJNDZRfn5vwPMSqnYGzBXnVbA9XNeduuQvbJrn745SGmFM9KF4FSSzJTA=s800-c-k-c0x00ffffff-no-rj', 'width': 800, 'height': 800}}","{'title': 'Folha de S.Paulo', 'description': 'Entrevistas, document√°rios, an√°lises e reportagens produzidos pela Folha'}",BR,203404094,822000,False,4754
youtube#channel,KJug49e7ZR01PWl9fTgEqlJLm0Q,UCWdGgeyOnCOGnvhNdbVl1dQ,Gazeta do Povo,"Gazeta do Povo: not√≠cias e opini√£o para quem busca refletir e debater os grandes temas atuais. Inscreva-se, ative as notifica√ß√µes e acompanhe os v√≠deos di√°rios de nossos principais colunistas.",@gazetadopovo,2016-04-25T13:00:56Z,"{'default': {'url': 'https://yt3.ggpht.com/_N6eS-Bd_euS0q5CiSPp7Rin1zSzD_uL0_GZTcKAgnd43PHUYB2b-f1ZzZ2XisDJnHNAgap20A=s88-c-k-c0x00ffffff-no-rj', 'width': 88, 'height': 88}, 'medium': {'url': 'https://yt3.ggpht.com/_N6eS-Bd_euS0q5CiSPp7Rin1zSzD_uL0_GZTcKAgnd43PHUYB2b-f1ZzZ2XisDJnHNAgap20A=s240-c-k-c0x00ffffff-no-rj', 'width': 240, 'height': 240}, 'high': {'url': 'https://yt3.ggpht.com/_N6eS-Bd_euS0q5CiSPp7Rin1zSzD_uL0_GZTcKAgnd43PHUYB2b-f1ZzZ2XisDJnHNAgap20A=s800-c-k-c0x00ffffff-no-rj', 'width': 800, 'height': 800}}","{'title': 'Gazeta do Povo', 'description': 'Gazeta do Povo: not√≠cias e opini√£o para quem busca refletir e debater os grandes temas atuais. Inscreva-se, ative as notifica√ß√µes e acompanhe os v√≠deos di√°rios de nossos principais colunistas.'}",BR,109191968,1080000,False,4843
youtube#channel,dsmET82Uy3O0b4UxqtltJpfnGLk,UCXdXYG8dUmEv6jhEji_lSHg,Jornalismo TV Cultura,"Os principais fatos do Brasil e do mundo, o que est√° acontecendo em sua regi√£o e os assuntos mais discutidos na atualidade!

#JornalismoTVCultura 
",@jornalismotvcultura,2007-10-05T19:34:32Z,"{'default': {'url': 'https://yt3.ggpht.com/ytc/AGIKgqO3je_J12qvGkUfp6YSd4l_LjwiuInjZd7IyBPYMQ=s88-c-k-c0x00ffffff-no-rj', 'width': 88, 'height': 88}, 'medium': {'url': 'https://yt3.ggpht.com/ytc/AGIKgqO3je_J12qvGkUfp6YSd4l_LjwiuInjZd7IyBPYMQ=s240-c-k-c0x00ffffff-no-rj', 'width': 240, 'height': 240}, 'high': {'url': 'https://yt3.ggpht.com/ytc/AGIKgqO3je_J12qvGkUfp6YSd4l_LjwiuInjZd7IyBPYMQ=s800-c-k-c0x00ffffff-no-rj', 'width': 800, 'height': 800}}","{'title': 'Jornalismo TV Cultura', 'description': 'Os principais fatos do Brasil e do mundo, o que est√° acontecendo em sua regi√£o e os assuntos mais discutidos na atualidade!\n\n#JornalismoTVCultura \n'}",BR,285761555,1100000,False,50246
youtube#channel,m5kk60HNUxoGVOAYMM8e6fTLIMw,UCaGmdJSSiR7fkh2A-c6emsA,g1,"Ol√°! 

Esse √© o canal do g1, o portal de not√≠cias da globo. Aqui vamos trazer v√≠deos pra informar, inspirar e divertir. 

Quer entender um fato? Vem com a gente! ü§î 
Quer ver hist√≥rias legais? Vem com a gente! üòä 
Quer saber o que t√° acontecendo? Vem com a gente! üòâ 

Todos os dias v√≠deos novos. üé• Confere a√≠! J√° temos no ar o Segue o Fio, Fato ou Fake, G1 Explica, Que meme √© esse?, Semana Pop e mais! 

Segue a gente e ativa o sino üîî pra saber tudo que est√° rolando aqui no canal do g1 no YouTube. 

Veja todas as nossas playlists! https://bit.ly/3zdXlHY

",@g1globo,2021-03-15T23:04:03.861271Z,"{'default': {'url': 'https://yt3.ggpht.com/5vzqGUywT581I0EMBfkiBxjDvxqH-rfvTEKsjxcEWDF4vqSt4MXVyM01dXydzWPeub1zQb0P=s88-c-k-c0x00ffffff-no-rj', 'width': 88, 'height': 88}, 'medium': {'url': 'https://yt3.ggpht.com/5vzqGUywT581I0EMBfkiBxjDvxqH-rfvTEKsjxcEWDF4vqSt4MXVyM01dXydzWPeub1zQb0P=s240-c-k-c0x00ffffff-no-rj', 'width': 240, 'height': 240}, 'high': {'url': 'https://yt3.ggpht.com/5vzqGUywT581I0EMBfkiBxjDvxqH-rfvTEKsjxcEWDF4vqSt4MXVyM01dXydzWPeub1zQb0P=s800-c-k-c0x00ffffff-no-rj', 'width': 800, 'height': 800}}","{'title': 'g1', 'description': 'Ol√°! \n\nEsse √© o canal do g1, o portal de not√≠cias da globo. Aqui vamos trazer v√≠deos pra informar, inspirar e divertir. \n\nQuer entender um fato? Vem com a gente! ü§î \nQuer ver hist√≥rias legais? Vem com a gente! üòä \nQuer saber o que t√° acontecendo? Vem com a gente! üòâ \n\nTodos os dias v√≠deos novos.\r\r üé• Confere a√≠! J√° temos no ar o Segue o Fio, Fato ou Fake, G1 Explica, Que meme √© esse?, Semana Pop e mais! \n\nSegue a gente e ativa o sino üîî pra saber tudo que est√° rolando aqui no canal do g1 no YouTube. \n\nVeja todas as nossas playlists! https://bit.ly/3zdXlHY\n\r\n'}",BR,58064390,295000,False,3507
youtube#channel,P1dRd3f-Vjn3dRtt_6anqztBBek,UC376n347Ob5Lwzq2WGzF1AA,SBT News,"Liberdade editorial e credibilidade, fatores para o exerc√≠cio de um jornalismo claro e transparente, s√£o os alicerces que formam o compromisso do SBT com a not√≠cia e a an√°lise profunda dos fatos. O Jornalismo do SBT re√∫ne uma equipe de profissionais dos mais capacitados do telejornalismo nacional, correspondentes internacionais e tecnologia avan√ßada para levar at√© o lar dos brasileiros as principais not√≠cias do pa√≠s e do mundo. As principais mat√©rias apresentadas no dia s√£o acompanhadas de informa√ß√µes complementares para o telespectador.",@sbtnews,2011-08-22T14:57:27Z,"{'default': {'url': 'https://yt3.ggpht.com/nMGmGAtUOjZOwh4m8d-U80I-WkvplW7ez8NbhpUtaS3GAuRRFDZO2hgIj17TITrkxHnjYiD-6A=s88-c-k-c0x00ffffff-no-rj', 'width': 88, 'height': 88}, 'medium': {'url': 'https://yt3.ggpht.com/nMGmGAtUOjZOwh4m8d-U80I-WkvplW7ez8NbhpUtaS3GAuRRFDZO2hgIj17TITrkxHnjYiD-6A=s240-c-k-c0x00ffffff-no-rj', 'width': 240, 'height': 240}, 'high': {'url': 'https://yt3.ggpht.com/nMGmGAtUOjZOwh4m8d-U80I-WkvplW7ez8NbhpUtaS3GAuRRFDZO2hgIj17TITrkxHnjYiD-6A=s800-c-k-c0x00ffffff-no-rj', 'width': 800, 'height': 800}}","{'title': 'SBT News', 'description': 'Liberdade editorial e credibilidade, fatores para o exerc√≠cio de um jornalismo claro e transparente, s√£o os alicerces que formam o compromisso do SBT com a not√≠cia e a an√°lise profunda dos fatos. O Jornalismo do SBT re√∫ne uma equipe de profissionais dos mais capacitados do telejornalismo nacional, correspondentes internacionais e tecnologia avan√ßada para levar at√© o lar dos brasileiros as principais not√≠cias do pa√≠s e do mundo. As principais mat√©rias apresentadas no dia s√£o acompanhadas de informa√ß√µes complementares para o telespectador.'}",BR,3101199967,5020000,False,67480
youtube#channel,QoHUYjWR4jUWnAH6zUTrcWXq7Lk,UCWijW6tW0iI5ghsAbWDFtTg,R√°dio BandNews FM,"A BandNews FM √© a primeira rede brasileira de emissoras de r√°dio em FM com jornalismo 24 horas no ar. A cada 20 minutos, oferecemos ao ouvinte um jornal completo e atualizado, com a opini√£o dos nossos apresentadores e colunistas. Nestes 20 minutos, apresentamos as principais not√≠cias do Brasil e do mundo, mas com grande espa√ßo para o notici√°rio de cada cidade.

Desde 20 de maio de 2005 no ar, somos hoje refer√™ncia em divulga√ß√£o √°gil de not√≠cias nos principais mercados do pa√≠s, transmitindo para S√£o Paulo, Bras√≠lia, Rio de Janeiro, Belo Horizonte, Porto Alegre, Manaus, Salvador, Curitiba, Fortaleza, Jo√£o Pessoa, Vit√≥ria e Goi√¢nia, aliando for√ßa jornal√≠stica, inova√ß√£o e alto astral, sempre com a credibilidade do Grupo Bandeirantes de Comunica√ß√£o.",@radiobandnewsfm,2014-07-01T14:31:19Z,"{'default': {'url': 'https://yt3.ggpht.com/OWgeZSGbx0E1aFw3JcfrjBlpXsV6xpKXBjgTfUW3ZHMGa0Ra8ZV2C2yH7zn_ecKRHIk4asm2QA=s88-c-k-c0x00ffffff-no-rj', 'width': 88, 'height': 88}, 'medium': {'url': 'https://yt3.ggpht.com/OWgeZSGbx0E1aFw3JcfrjBlpXsV6xpKXBjgTfUW3ZHMGa0Ra8ZV2C2yH7zn_ecKRHIk4asm2QA=s240-c-k-c0x00ffffff-no-rj', 'width': 240, 'height': 240}, 'high': {'url': 'https://yt3.ggpht.com/OWgeZSGbx0E1aFw3JcfrjBlpXsV6xpKXBjgTfUW3ZHMGa0Ra8ZV2C2yH7zn_ecKRHIk4asm2QA=s800-c-k-c0x00ffffff-no-rj', 'width': 800, 'height': 800}}","{'title': 'R√°dio BandNews FM', 'description': 'A BandNews FM √© a primeira rede brasileira de emissoras de r√°dio em FM com jornalismo 24 horas no ar. A cada 20 minutos, oferecemos ao ouvinte um jornal completo e atualizado, com a opini√£o dos nossos apresentadores e colunistas. Nestes 20 minutos, apresentamos as principais not√≠cias do Brasil e do mundo, mas com grande espa√ßo para o notici√°rio de cada cidade.\n\nDesde 20 de maio de 2005 no ar, somos hoje refer√™ncia em divulga√ß√£o √°gil de not√≠cias nos principais mercados do pa√≠s, transmitindo para S√£o Paulo, Bras√≠lia, Rio de Janeiro, Belo Horizonte, Porto Alegre, Manaus, Salvador, Curitiba, Fortaleza, Jo√£o Pessoa, Vit√≥ria e Goi√¢nia, aliando for√ßa jornal√≠stica, inova√ß√£o e alto astral, sempre com a credibilidade do Grupo Bandeirantes de Comunica√ß√£o.'}",BR,1151277612,2010000,False,47218
youtube#channel,iQKfj1M-TO02LCSokLdhJSoy3mc,UCvdwhh_fDyWccR42-rReZLw,CNN Brasil,"CNN: Voc√™ por dentro de tudo.

Acompanhe nossos conte√∫dos exclusivos, not√≠cias e as principais an√°lises do dia. Acesse a programa√ß√£o da CNN Brasil pela TV, no canal 577, no site, no aplicativo e nas redes sociais.",@cnnbrasil,2020-02-17T13:24:52.854434Z,"{'default': {'url': 'https://yt3.ggpht.com/ytc/AGIKgqNPGMU3ac8hErHSTtQYlCVneLrfgGWW56Gw7unr8w=s88-c-k-c0x00ffffff-no-rj', 'width': 88, 'height': 88}, 'medium': {'url': 'https://yt3.ggpht.com/ytc/AGIKgqNPGMU3ac8hErHSTtQYlCVneLrfgGWW56Gw7unr8w=s240-c-k-c0x00ffffff-no-rj', 'width': 240, 'height': 240}, 'high': {'url': 'https://yt3.ggpht.com/ytc/AGIKgqNPGMU3ac8hErHSTtQYlCVneLrfgGWW56Gw7unr8w=s800-c-k-c0x00ffffff-no-rj', 'width': 800, 'height': 800}}","{'title': 'CNN Brasil', 'description': 'CNN: Voc√™ por dentro de tudo.\n\nAcompanhe nossos conte√∫dos exclusivos, not√≠cias e as principais an√°lises do dia. Acesse a programa√ß√£o da CNN Brasil pela TV, no canal 577, no site, no aplicativo e nas redes sociais.'}",BR,2047186831,4030000,False,62921
youtube#channel,EKdio6DzC1kaWmbgpBicG58qzPw,UCu_a6PAzp30Bn2mM-Ll09LA,RECORD TV,"Esse √© o canal oficial da Record TV no YouTube.
Reinventar √© a nossa marca.",@recordtvoficial,2006-07-30T19:02:04Z,"{'default': {'url': 'https://yt3.ggpht.com/WAfPfn-B8GYPVVSqpDYEkJg3HROEJnJ95mhHAgR13vsUzPvGjyTIehvPViSEUDl5N7DPKxfzag=s88-c-k-c0x00ffffff-no-rj', 'width': 88, 'height': 88}, 'medium': {'url': 'https://yt3.ggpht.com/WAfPfn-B8GYPVVSqpDYEkJg3HROEJnJ95mhHAgR13vsUzPvGjyTIehvPViSEUDl5N7DPKxfzag=s240-c-k-c0x00ffffff-no-rj', 'width': 240, 'height': 240}, 'high': {'url': 'https://yt3.ggpht.com/WAfPfn-B8GYPVVSqpDYEkJg3HROEJnJ95mhHAgR13vsUzPvGjyTIehvPViSEUDl5N7DPKxfzag=s800-c-k-c0x00ffffff-no-rj', 'width': 800, 'height': 800}}","{'title': 'RECORD TV', 'description': 'Esse √© o canal oficial da Record TV no YouTube.\nReinventar √© a nossa marca.'}",BR,900432745,3590000,False,12980
