UC9P6TQeN1UuznA4AZiTQwKw,276
UCNJiOeHXakYy1-6Rgl1cQcg,227
UCPhNsJW1F4w_QAXkepBxyHw,112
UCWxWAO4pF-CkU19FpcPka_A,100
UC6135V1o5vh3waZ4Ge6SzHw,97
UC_RpwhoSmOygFiymN6Esgmw,93
UCFy8Ulzr9kNeAHh3FrBhF_g,82
UCEJr0pkCv9FbM37ZfriGPAQ,81
UCEiJNuCEbbhvsSovgqZjVZg,79
UCoouLoNtN2GVDJWGeWjpLng,75
UCIaDRFrrxniOiGogindGIbg,73
UC6_9KamoV5SEdCeKCVmZ_5w,66
UCUNgTLjvz-Pov2aGSnb4EsQ,66
UCIGIXBuUzWdDMrC1FqlrHvQ,61
UCargtdm25WTiXfnaMob1LMA,59
UCDZZUIWKXdN1OpxyiMesBCg,59
UCoqcVbFdVTMbx7FjnOVZaKw,59
UCfWSJKwQb0Un5wdaeCjIfuw,58
UC3oqUq7AGILG-VA7TF7QBwg,57
UCwQDm_MwYwkSK9LgXGHHxyw,54
UCJs-FN2tJpZcSokikHVaKsg,53
UCc15OKjUxUktuzXR8h5z14w,53
UCfaLmqKW6kTp21RCnRHxlNw,53
UCiQsjmW50Q6l_ARPY97EhMA,52
UC1eI4FvWOu_INPZEERs3m8Q,52
UCTdpt-crx_HQm5P6GsHXLgg,52
UC_DwG1jyfFmvDZ9lMS6PsIQ,51
UCMBJBkiP8QBZRPh-1JVzpzQ,49
UCrFvGIMDgW-eiDi-RvgxZJw,47
UCkTwYXdxpKvJ_5P-8k5FyyQ,46
UC7SxFokJoOXWt5puCLGvMlQ,46
UCEoAvPlVXyyA5pN1cPDAujQ,45
UCcDuDpgNG4oMkwqL4SVz84Q,43
UCeIGhJpof47pAv7pS62ki4w,42
UC946QfSp4l-vIz_sauOrrUQ,42
UClqRGpc96q7oBQ8hcgCYkUA,41
UCK3B_kQYYDyZZDsGkuwRufQ,40
UCjINK2zbSDEX8OjQ6lt05UQ,40
UC53R32H4Cr3aZY8yjZKj1uQ,40
UCwL7gk0Nd7kuaR33biLVoWQ,40
