Index,authorChannelId
0,UC-K0pQo4HP0IjwDc65X4Zng
1,UC042BoatnB2tts9IwldTJpw
2,UC1ru5NEMMr6n1HyL_o_a7oQ
3,UCKjtQ77pd2xT9uimsue60Ug
4,UCL7lmLAr69g7F5nhNnH3otw
5,UCLAH57g3zXP4L0VWoMIzcow
6,UCLGl3f23i0Uq1BhuJP6Qc6A
7,UCLJbCSgRstqI_xgTj-EzFxQ
8,UCLbdxwzNrvJt-8ZznBdnqmg
9,UCLfnU4AebeC6T1yyTft-3-Q
10,UCLm87UV5VLe__Zd-WufggoA
11,UCM4mGGDJorCISmfuiFHeq5A
12,UCM7hvEMA60pkjgljyUnFGMQ
13,UC2-uN8P8V-e25jTzfIcxupQ
14,UCMBIeaJ-gZJU2cm6ZyD6mpg
15,UCMEwrZf1tu1mMX7cPKazVmQ
16,UCMKRtLxnlenU4iRBTiqBCUQ
17,UCM_BaqWFIC7mtoboBpcdBeA
18,UCMj6d0hevGiK0i7rwu1eCJA
19,UCMo9kE_vNdxOSb0EXse8gdQ
20,UCN-BQBx8yC7VRl7mnZaL3OQ
21,UCNJiOeHXakYy1-6Rgl1cQcg
22,UCNh0gIjuU4BQ0keWjtdrURw
23,UCOIz3OqCtyMXIR7G8XcPJIw
24,UC25TYOUGofAkd1UMaAMa2mg
25,UCOKIFzvEEqQ8Mcj5fOFxt1A
26,UCOK_KipjHE0ANGzvIED5-1g
27,UCO_p_XIyR_aQ7fq0ryGti7g
28,UCOewmO2GzppKiPoBSg1Jjkg
29,UCOyhpnpWPrKDSvtLG3Dvqzg
30,UCP2ybF-e-QGH2eyzZEcacRg
31,UCP9RmvEJKT7X48dTSTZu0Qw
32,UCPaitShgK85z3GPbhvzdYAA
33,UCPawHYy_W3bCFP7hile21Xg
34,UCQ6SS5UAg2VNZptof9S_LeQ
35,UC3-Ex-f951g2vMw3QNR1lfw
36,UCQ8VxibvQR7xgw2u6W44U5Q
37,UCQLZv72a6qM5LE358jeu_ww
38,UCQxOLgIameonJw-FJT1qURA
39,UCR2IHmfwixQK7eU3VXP4_fQ
40,UCR5shEYvA0QPF29UF6b4G9g
41,UCRIoaVkKX_gFItWGdvVrFiw
42,UCRN2Mpbqa9ofPLIzSfu7B7Q
43,UCRUU_lktv1x32FF0YilwUGg
44,UCRgvAJzelHuapKyA3o2Ej3Q
45,UCRo0eeQmhkliCmaizJByIUA
46,UC3EeTdqeuZLcG7CReLi1Dvw
47,UCRspY3_z213GlxQgTqnGInQ
48,UCRvxGb0Rm362ZEdBPHWm6pg
49,UCS6n6A4tqGXQKVHIDqFHjww
50,UCSMLKFBQASj59pDDIz_3KRg
51,UCSW-3v1jBWCTby3M3eusLqA
52,UCSsIBPDEQwLyN5rdTEsk3QA
53,UCStWftPM39P8BS7SuiUXiiA
54,UCTPYhimCYZUDqLZz1chtYPQ
55,UCTVZr5TVpG9kNUeYKSIkJyw
56,UCTW5u0BZ4KX3d6zPT-xvvVg
57,UC3QNa7kEJA99Eth6vJT_7bg
58,UCT_KaMl2eDGEOyjjw47nO5w
59,UCUD5HmOu_z0RfYwtjRCIhVA
60,UCUDESF4f99JklnNqjeCScrQ
61,UCUE__MwrR7W4YQ_KSu3_--w
62,UCUEcRW-JdYcnd3DiClcxiYg
63,UCUMeMWTWIh-EcstNEmyqNUw
64,UCUQndnZ7eyfAev6o4RNEjPQ
65,UCUTq9yY89kGvD7_W4hmEvnw
66,UCVQ5cP_bnSMh1fAadRxgcWQ
67,UCVuf0L3W8PmLJBtoUFjh84A
68,UC3kBEVpVAwlJ14LOnCadFYQ
69,UCW3dJaqC3O3tuznO_pziikA
70,UCWCvAa0TKH4leyO3I9cfJ3Q
71,UCWQWIh_CQ7-OKvQtHD7ImdA
72,UCWa8t4KxT79yZ2MZBe_ed_A
73,UCWh-XMXY4JoKhfIh02x8V0g
74,UCWis_YijS8BS-Q-90c46xOA
75,UCWuA13wnLE19IWbxPpYAvDg
76,UCXBymMyRYYDexqAbga6ddxw
77,UCXWpaHa0PfmRZd2W47u9utw
78,UCXY9BiR25gTnRNV_AosPcSw
79,UC443g47bJjk9fhUUEPxYJ_g
80,UCXYbABO6fVoT0m_fnMter3w
81,UCXhKJmxouX-qxlS2secetXQ
82,UCXiRybUuiT2iO0CFlue_0cw
83,UCXwmKChwfaAIIZDq9Fmpz9Q
84,UCXzLTR4QWHCf8_fDCWKOxFA
85,UCYFTkN5UlcW3sEgAJBCdx3g
86,UCYLTyqxaY7AX9jVuUKq4w4Q
87,UCYOiEpay3Rp5IlN0A9uu91Q
88,UCZGtd3Byjyr-I5aASfbrM2A
89,UCZOA54bRXvnceuvD31dnC3w
90,UC4E9bYQ3V6QAYDgA-GlTQuw
91,UCZSdWalXI8f-zATweOHNZ-Q
92,UCZUEArAoVPtuov2GyiSnNnQ
93,UCZ_IYpIupVcK8EIH44NvpvQ
94,UCZafIMnivOzsghR4h8QCkWA
95,UCZioywO2x_u_cnp6qNP6QWw
96,UCZwzm_TLXDdXO_ArMeh9Q1w
97,UC_AI_yFSxLP4vG8yeSDjZ0w
98,UC_FSTHz2JKqCdrfl8YpNYCA
99,UC_JEcPkt_VpUm8t07GLsriw
100,UC_R99fZkXVvm6yfkjJmD70w
101,UC4EHkIHXxaSBlDpu0no7uvQ
102,UC_UwGS4bPVfW6F_KpLRctTg
103,UC_WGuYOTES3KTtInxe8CBkw
104,UC_ifz5t7KARx_r8CBr9MZ-Q
105,UC_wdGOjZMPY25iiDS9mbMeg
106,UCaTBkq7QaNx0t2lB39meKlQ
107,UCaV0BGY4BxpkAvVz10NZwOw
108,UCaWymvZGb5h8BA-4mvrnLog
109,UCag8ujF14rh_5zJUoo-2ztQ
110,UCanfDazVFycjkK9UihVMNHQ
111,UCasSrr5-jhD2YKxVcF9qiXA
112,UC0BXL2bOfLSONFDQSAFzyAQ
113,UC4RjJRD0iCHz2IfFXGIMuGA
114,UCazEvvze6jbOaBuvmam6jbQ
115,UCbW0kU38OB697RvW2XnTM5Q
116,UCb_TE74rHKCAy5ocCWKftdg
117,UCbqrQZ0oRl3z99jAlmeShCQ
118,UCbtNzmLtedTaGXIMRHJM8IA
119,UCc7AqGEHq6upMjgKuYqdsMQ
120,UCcCpaTyOO5rCcGeEZ1NZcuA
121,UCcGkv_wF2r0c6jSdweKh-_w
122,UCc__DpzDdjIZGvtgLKl-VZg
123,UCd0JHoHd67g0U4OWJOwR6sg
124,UC4bo_U28B-w3G-A0KkvdgbQ
125,UCd2nkZUkG6RpY8mfUx5seSg
126,UCd3DPh5KjzQLjemwwDYaabA
127,UCd85TQuto6Fgv0CPq6LbhFQ
128,UCdL9o-vVVBIpI-5SYzZDGLg
129,UCdSfWlh8YvMMM-BoUTMSMLA
130,UCdStWwSz0LcG5S4oicvDTig
131,UCdgPZVHbW9qf-2i3E64wGNw
132,UCdhCKDvapKwvWQIkrWRXbVQ
133,UCdv76M3QnBXLoFmtVVi0RSg
134,UCe0GORxcZcuQIUrQi8dxnQA
135,UC4cB4tChK474PAEhUng-uAg
136,UCeD9xhiWYcRRJvq9m3_mEyA
137,UCeERlSa2arUdX79tcAyMlFw
138,UCeuB-INyqk3gFyQNYJyLqdg
139,UCf-6FY9GC0j9Oh62cxl_z3A
140,UCf4UN2fA0RWazfQwxH2m4KA
141,UCfEMW4ba6K-IdQXC4KHDkUg
142,UCfQujJ_jYWMC-CJ3Cwk_6PQ
143,UCfZ-AJdxWQd3u6Rc8matGJw
144,UCg4AEZqtyKpukTtFQjDnRWQ
145,UCgDO_ldSayQnf-_B0hZD-Jw
146,UC4j_IUak80HyK2t5ihzk9yA
147,UCgDor9grl1glqvojUuG1TXw
148,UCgeCQzLQKLWZ1vp7Mak5MAA
149,UCgnX1UEOa0TGgZxh-nhKTZA
150,UCgpj8fKiQNXL-doPlu1iIYQ
151,UChBjRMVJVcaY6I8bYSM4DZw
152,UChEUKLmD-kSa0a1Crn_vliQ
153,UChFw4zVichO0s9K6pB3naqw
154,UChJR9R_-LO8fEgSpMZUMmQA
155,UChS-3_xopChIaGwzMOgQV3Q
156,UChTETdzWB1Mqrc6SULegDYQ
157,UC5CzLk5UPG-yR9V1utLoiPA
158,UChVWaDcKcI4SWKcucR9bVKw
159,UChkvd6_qto7PAG21l2P7VTQ
160,UChocfFvdOV9eeCDy1jKY-HA
161,UChuWkxZUiSKC_S1i3uIXw6A
162,UCiECAwjrSE9hi9kdV3FV0LQ
163,UCiLNs3VBPuA0W7TxoltzuNQ
164,UCiOsx09EaTVlG3-NIvxseJQ
165,UCiVlVTrHhmW9XnweD3qcFxg
166,UCj3T_JSPKbEj-Hlh0o5Knvg
167,UCjCRT0wzjTyDrZud40L5Byg
168,UC5EBhVzE3pN3SQpM_8dBtKg
169,UCjINK2zbSDEX8OjQ6lt05UQ
170,UCjJpzdT-rKE6F-_jIHWcFBw
171,UCjNdxWn1S8QrOLjy_cu3d3A
172,UCjRVbwehaIhuSAMG_GI68ew
173,UCjjilzx2BC5tjnvNWPIG-GQ
174,UCjzeiLNzrR5iyJLmw5A9N2w
175,UCk5H0ZjypD-QrtkXWLkDqIg
176,UCk8JJKQD1QBlHTe7_dkwyQQ
177,UCkCSg4gmfyhiJg_EB56eumQ
178,UCkTwYXdxpKvJ_5P-8k5FyyQ
179,UC5vDV47DxCtkubXzyA4DvpA
180,UCk_utssEQiDkbtwIdxXRzyg
181,UCkljE2yvcPfrz9h_XHaAVLA
182,UCkspUSJTZs9Gg3_6V03SY_Q
183,UCl9npOAhbdVbsnnNKhTzt8A
184,UClHWDm9r8qvvh7qcJ1xzIwg
185,UClXS8mYbEuYUEiZD7toJdMQ
186,UCl_4nuj5nND1-B9MmdEjrpA
187,UClck3269uxg95OMyKpG3kUw
188,UClf7uSoGG4BjR2qZvW6ylAA
189,UClofGkG5NHTeyecFlzJvPrQ
190,UC6hrh8ghfA9YQfXR2avigfg
191,UClq033TxNfD5UkXiWE26H4A
192,UClrplKGoGtWatPsAvSfH8Dg
193,UClysQ2ow4YPr5pgLXGbZ7wg
194,UCmA5Ni25uv0B1ND-7nYOyxg
195,UCmypGTeF2Rn2IzNGv7vtzug
196,UCnU-mpBwEPiQ7PMdyHYyWbA
197,UCnf4AbunJJlPjpds8KsZGhA
198,UCo8PpD8sgxxN1BPNoM1a22w
199,UCoV_E7KNSLegeIM2ZrnGiFg
200,UCoVmVq9jsl8NHKwIMgOirQg
201,UC6tYCyAG-TztXsWDYFf9ZDg
202,UCoh35jLtJy0erSY3ifooYjw
203,UCoouLoNtN2GVDJWGeWjpLng
204,UCp0qAb0zObXlJB4SSqJtpsw
205,UCp3N9P8_wfCVBZa_mH_HIIg
206,UCp5EvayXsFDY5nDHM8Gt7Dw
207,UCp9iKAx2IQxi0cdRt_EJGKQ
208,UCpEvuuQOV_mXPjla6FjYqOQ
209,UCpLGA7ZnVzI4jUhRCUj3Ukw
210,UCpPT1pnsBYFHIxS7oMFWMlw
211,UCpQpzcYKAFmtwBXjdKglRsg
212,UC703mZ0bKgm-tHzI_gMfS7Q
213,UCpWkCSxtqgu96IdbhMS0_aA
214,UCp_8p0ln1VY2R8ENgudAHhA
215,UCq8dh5xDFyVAQ250Ukwt4zQ
216,UCqQZrgp3j5fgOg_4gPzu6ug
217,UCqcLp4X757R-h_NmchmstkA
218,UCqcVePMsOC5DmaX1LhxXq6g
219,UCqevPT3yuJRNFwk088FCaDA
220,UCrZcTl_n4ety1bfhvfH-SSw
221,UCrb06iXY6sgcUIaRLEnJLCg
222,UCrb_wcyF85s6HxTq3tftADw
223,UC0DTrr8CZEtrjId6h4erx1A
224,UC74e4m0Vs8egJvUj6LtDG-g
225,UCrbkyk4Q9TvBtxpv7oHJwUQ
226,UCrlfjTWcib2AzulqddybcBA
227,UCrzdbQ7Wx1KC6M8Co4nQ8Rw
228,UCrzzojJGnOQoJS2-B0gFHhw
229,UCsB6caF5Q62TjTIUXImTAQg
230,UCsNEG6pr8QOG_jZ9vcMlgnw
231,UCsrnI_4SzV5mRSNy0GSztug
232,UCstcuJWlh0679Nvdv86Cj-g
233,UCt8r-mSkRLgcVZR_63sXOCA
234,UCtAnHYjCFdRGnmzvSN9wK0w
235,UC75xsrq_uBocvYIXyLY4_iA
236,UCtJ-BUVzMo8mDO7JAxffaWA
237,UCtVilWUyAdJRUT1KtMguDKg
238,UCtlckC-DpKdX2mbi-6QX8sQ
239,UCtldZu_52VqwPnh425m6vPg
240,UCto3tRodwtFcbGGgPJ8D6CA
241,UCtzBfayV-Id-UucbB602X2g
242,UCuSLvOCzUSoB-IzM3gimOjw
243,UCullYJQ4JYmiD1ISEImKHXg
244,UCuxg4vuKbJYMh0f0CAbTFnQ
245,UCv0RxOZ-VqEHGBV3KOUzzug
246,UC7P6ltVQKDGQ3j3b57iuWRQ
247,UCvr3q14PJxZEgyDZiTdhgyA
248,UCvvHiMH1TIBQopoJaDn65JQ
249,UCw8BhVjHFAS_PVLpMvn0BoQ
250,UCwBPjx9KEpr8Rd6Wka6rCtg
251,UCwI7IPMqOHg-JncGd-nKVlQ
252,UCwPAmeadi4olz3tpCzcIt9g
253,UCwQCe7ntrSY76XXk1v0E_dQ
254,UCwTdDEZQQ1BLlBptGoNe1rg
255,UCwVmqFmDBVHVnWpBIF7wZow
256,UCwuiYzd0Q8gcWAclSOU11KQ
257,UC7dpiVH0l8O2yAQx7rTLMnA
258,UCwyIV2ISV0TgxFOIT1j4_DQ
259,UCx5ooDCrmrjpV2zkuYQfMQA
260,UCxg003sZHIhudKHFeJCOaMQ
261,UCy8rfMIQZMpfPI1Dve9Rlvw
262,UCyExS0yAg_DptZLvwx4lLzw
263,UCyI505MnHiS4yus6ako8X1g
264,UCyetYGEJRP3uil29VNOahAg
265,UCyfnga92O82-JqYWn3JJEYQ
266,UCygJg1QciCydDy-hMdkiHnA
267,UCyjk7EXw2BrkzVr8YhJdWUw
268,UC7vhLT-Lc47db1xsOFM6gTw
269,UCz2PLBqAVMk7MyTK56-yKRA
270,UCzXhmWOKiBWeLEEOFRH78lg
271,UCzntVGHUquVKV_5P8JOIrrw
272,UCzyzDuemAJcK07S392eU9-A
273,UC-Mbg_ogwCIYjviSBAW0Fkg
274,UC-RLTPrTmGqS-JL-cphC7gw
275,UC-l_6qwr4LXIWDkqisKZjkg
276,UC-vR8Xaxv5OXsJ5fXn3fg8w
277,UC-vqqCUNArWEvaDDvLAy4Kw
278,UC0c7oH0oHFHjO1F65XkncTw
279,UC88_jOaLuvhMX450UJD6DBg
280,UC0fFMbQa62krsR5Jc7nuNHA
281,UC10Fl9OnP6L29z4lH_gwxOA
282,UC10SH9hu6sxdwphpQUu00dA
283,UC15Espd7t4_BXbDrpIP0abg
284,UC17BBF8nGkUIHgq2-cKLTYA
285,UC1ZyU_uI9LO7tO6_2c72a0A
286,UC1dh1HIawM7Z4DN_oBCzmHw
287,UC1ewfAPSOt6-5DGxIRkhwRg
288,UC1nGyXySPO5JPU0bpVV49zA
289,UC2-FjLJhovfUF5LPHvmSBaA
290,UC89S9LRZ8hog0TMFp5T-PTA
291,UC29JmuJQTH2nkn7Y08GBZPg
292,UC2PKYkT_vJ5drDSdM6Nf0cw
293,UC2RotONc3X_nZBaKCEbN03Q
294,UC2gyrBNuZ98y9i38YsA24OQ
295,UC2iOu2wVx8LCAWHSA9AP2sw
296,UC2pLRkmT2xrdnAEogBLUyAg
297,UC38kGU3Xn653np4PkxQT3Hg
298,UC3E3nJp3JKVUsyjJ4td-TcQ
299,UC3I8alSycUtZcgXeVYcDWmw
300,UC3Q3t1Zm4zIqiTO3tCNjHUA
301,UC8MNZvGwlAtCCF0TmN2A0dA
302,UC3UH-cf1Qj-Wng2aE50xf9A
303,UC3XMm4u-ZPnbFScDwgYkhtw
304,UC3_xWRanDQwpetmAO5QvOAw
305,UC3fQXHJ-Xd5tGk0QCe6YHew
306,UC3rU3bOtGvBpHgtnENvGcJg
307,UC44C4Ekwma-pjh2mc3dwOSA
308,UC47q2rpcLK7PkuVeZx0hsjQ
309,UC4RDU3OOBh-fWduiZWLd2gQ
310,UC4aMR3XLY8dpdsBWvjsTlwg
311,UC4limBD5sglU9HbIMMVoqxw
312,UC8xz1NJSEUzVlGyYwIjF8Tw
313,UC4s6LRozg39_5fY5Iz3bVXA
314,UC4sgFHZghqJWzLkPJM3ms4A
315,UC4wen1i16jNdbQmRhEhiYwA
316,UC5JxYcu0onWreYPvdWNJRng
317,UC5SqCkdcRn6g2EHsUwirRrg
318,UC5WjNgnrOHdylwmEJPv6ehw
319,UC5ZLJu6_lJht0mZt6B5J11g
320,UC5ZcORLF_qc8dOKNvmv3p3A
321,UC5ee-NnUmwss5tU__7fAfEw
322,UC5j062jevPYVwiL9hWD3Mkw
323,UC9CfJhTyDIBAISF-gNx6uxQ
324,UC5rJLS5t1ECDJza1W7QDEhg
325,UC66kJHteal85NhPgn8iRouw
326,UC68V00axq8bE68xbSfUbJVA
327,UC6AEEGLlQ4cNJxEunJh2Cgw
328,UC6CGgPZr09-kOSfxo0-4poQ
329,UC6KVTizYQAH3aieI32tXFlw
330,UC6NQCpj_8X9n_xtW060qVCA
331,UC6SWFoF2Y0ETmPe5W79Hx6g
332,UC6Z9gNxUKIxaavm6mVb8nRw
333,UC6jNylIH7uBjzXoNqi8DHvA
334,UC0MuRWrWdjZTLZCgLA6d_xQ
335,UC9LpevInLWcm9uRjM8qc_WQ
336,UC6pvDx8ruHhQjug7LPiyqIg
337,UC74L2cb8TS5IQh7XFzc9qoQ
338,UC7GxV0vFTycQ2K_ua-Hz-ZA
339,UC7J4isCrhQtoJTQqsgyv4Gg
340,UC7ViNgOSAZZXvksKz15BRjw
341,UC7Xu8BierieFgiuG7VIaKfQ
342,UC7_PPVblCSqlHvOX1FchAlw
343,UC7afed0R8-8HruKBtCel32Q
344,UC7b1FCRkRdQf0_pTaXh_-_A
345,UC7laCv3yvykgGDxHzftU3eg
346,UC9P6TQeN1UuznA4AZiTQwKw
347,UC7qsXc1yHOpHVCMBr43aQSQ
348,UC8Al8HPZzQquEDb05zF17mQ
349,UC8CWlkw8bAh88MYZ_bEYIXw
350,UC8Klcds4BkHwZVSSmnrXK2Q
351,UC8R7Udr7SQzkYJwTuo08OeQ
352,UC8grWFc8BW2TxwuqQO_kxIQ
353,UC8myQrmuKZYKOVynyYdB4xA
354,UC8witl8OGLqP_l38BY-YPgw
355,UC9FZA1Yn1kq0XZhtRorK3mw
356,UC9dnqFhx8KnTO2WmRMqSmnQ
357,UC9lAv7HY7o6PRxo4gfu9xhA
358,UC9srns1yKkP60YwhJ_QRObg
359,UCAZH4Ah-OVXH7O0DeMjSDIQ
360,UCAZTBx7IgdoMg0ZTaFHIO0Q
361,UCAcN3l7ildc1VPslXxxM3YQ
362,UCAqwjc9kxK6QeJL9-jRkTwQ
363,UCAsO9m6-Hqd0XBRrShBf9wQ
364,UCBl5QV3Cps-rf1vd2oB3rRg
365,UCBqdaC3shQ738QXLAjWWlQQ
366,UCBzADsJvGniU1-eL7VTBVxw
367,UCC2fo6qEaa0sM38IVxfvpxA
368,UCA2fnB98pIGQO3GIYKHuDPQ
369,UCC4nknLXAuaZswhMOHw9d3A
370,UCC5EmIHB3RqadXxFbdPdvOQ
371,UCCEbxIop2EZhD_5gIChvVMg
372,UCCVFQn-hGzWc3EHGg3JWScw
373,UCCVnAI746Ey4d_higD4xCYA
374,UCCoxJwO4U-BAlJOHplHEyqQ
375,UCD0AAoHVmLfHqBV8bi5b2dg
376,UCD1xHTkTigSV3NnStjqUZGA
377,UCD7IGVCi0kHLkFW_MsMvtig
378,UCDJ2T-AyC-V7Tqrh8CDeI-g
379,UCAJy65bqVik-EdvwT0p89Hg
380,UCDdmFBG8_N_7aJr2sj0vVTw
381,UCDnnUtD5zSHJF2NRClJ9LLw
382,UCDqlWXewrV8Z6MxHqSQMmeA
383,UCDvhSmHl-phsPrgWv5G3v0g
384,UCE9F2zVoWGvqLv7HHGj5o3A
385,UCEQCsG10ZVVnjjfjUTTHc5g
386,UCEgo7yEdXV2ymY5wE_AUjEw
387,UCEl5zpmkxukqWMjknW4nA8Q
388,UCF37QyEKb2s3eoaX72PbQww
389,UCF82cVMEREdNGt-KyaLKf0w
390,UCANEa40tf38ZWxxynRPXCMg
391,UCFY3QR2HnXHQlpwkDC1CpPw
392,UCFvEXtU_afSXe1rfAajD2rQ
393,UCFx8CLpNYRjmDV8W1lB8FnQ
394,UCGIYZylsultbYIvbuaMj6xQ
395,UCGLJOngcVEGd3PnN14QYv9Q
396,UCGqAdNbB4w2y9kl9AxuhfyQ
397,UCGvRJ69seHVp-3lxN2-2QAA
398,UCGz3snFC28yFg-FtS9Po-yQ
399,UCH1kA-VgE6asRmRUK-BkvaA
400,UCHCKsWNOXRhsdFEusar9kAA
401,UCAQ8CFfCCmwItdNUFkdkS-A
402,UCHHpAcwpeW5-98icRfGh1iA
403,UCHOhqlQc3e--GAdLvIArFUw
404,UCHRhySx7n4TzyTLlngGa1Pw
405,UCI0IiXCoc_ik0q91YyWQmIw
406,UCIAk1OqU-npPzW-bmaTmE7A
407,UCIF0pK4g_851lGSQ4__Pw-w
408,UCIPMkeAvXnaF3mgtQlY919Q
409,UCIW0MxNQmjZ0C_VpUYGuc2A
410,UCIeDjnxT-hhyNwQRFxEfUNw
411,UCIea66NSWbOaU5Yw5Zp3_aA
412,UCAdbQGAhzEQ5Vh1wojL8DDA
413,UCIjbtR5TrrytnSKnWBoVZyw
414,UCIrY7GXmqeaZ_m05NWoGdjQ
415,UCIyG-EkxpOHGPiP-ul5yGGw
416,UCJ6Gyeqa7W_UnokdPFz-thQ
417,UCJBdjm7zj0mtpGbWn2M_Lzg
418,UCJBo6JoVYL_VBQ85tFq6TQQ
419,UCK4kK8uwkkISoINDjp0Wicg
420,UCKA9TboS8tYryWV9TnFwJeg
421,UCKgF4yeV6Pn4MMtxaClH1dQ
422,UCKhKETUJiXosT2FWKbfqvlg
423,UCAqHM4W0LBTwPmUMEJC9XmQ
424,UCKozBnVvh0rxgzY2t9nSC-A
425,UCKpdiwt24Q9shaKU8zVrLKA
426,UCL-9Aeatjl88S65UH1lRnpA
427,UCLBB7nQW9qAVHtHpgCXouYw
428,UCLHa6kJSJjzRqoRbIGNlSuQ
429,UCLHoCPzjt9ThBSkyl2OHuvQ
430,UCLM8OkLR8BSHCpzPa0P4g2A
431,UCLna1axZMjBJIKZi0WfO28g
432,UCLrwPoRG_65x2uy6zM1B_ow
433,UCMBJBkiP8QBZRPh-1JVzpzQ
434,UCBM-yQUDLXRHll83QSd5C4w
435,UCMQm52DgbmhImZ626feVIhg
436,UCMRUj79zSgYcxSlR40VlJww
437,UCMcAc_h8mGrAZDt9g0GwcYw
438,UCMfTwil_xsC6y1EtqSfoCtw
439,UCNjXTq3FAK1_PJrdBQWTvUQ
440,UCNx4aYU67oHo0GmF5KcsrbA
441,UCO6o5Hzlqwqv68WAOR3gHgQ
442,UCOMKwZJ_25SCCKjGBOSa1Vw
443,UCOTtkGK1qtNEupZSzTmSL4A
444,UCOVU-bkH0cvxl5lMFf1MDmg
445,UC1JDIWa7ydNkrTqJU98Qz9g
446,UCBOAIcTc12PJLjc9_L1AUQQ
447,UCObYOzDbCPSEoFp5g4VIzwA
448,UCOfS0DsqpzqZB8ZwdYEmPQg
449,UCOqn8Z5qyRC9SxM1UdQCaDg
450,UCP-o1z1Sp23vl4EdYgVqDhg
451,UCPiXyLneYlbtD5PcyiDnIrg
452,UCPuQ8G__ua5TQQ0ODnOBLUQ
453,UCPvyN5Xq6fyopDfqELWBfCQ
454,UCQNjb8EG7gXLsskQ09kGsIw
455,UCQkWsX0h9dUI9SamWHUPd5A
456,UCQmXNIfM5v2rUxHFn0jQzGQ
457,UCBTHIZLGJnC0DHJ33ZG4i6A
458,UCQmioZZkzYzZPHyJ7LXvzxA
459,UCR-DuZ1Y_G_JR73_Ruf2x9Q
460,UCR8lBUrA_cZ-6TMeo5BL7RA
461,UCRMAEkdD10tm6GJZap_41mQ
462,UCRhbO39cNPM7uSxlCJU0usg
463,UCRlPGv6Hgp4UMnrP4tmN_xg
464,UCS78ts-nNPdcC3OYNdYPPMg
465,UCSS0JR2aRerhL73xylzK5sg
466,UCSrLw-cvAWiG3gBDdjlKqFw
467,UCTNP1OtPe6RAEwbDd4dOgmg
468,UCBqiVpFRz71X2THXr9i8ZfQ
469,UCTf54Y-PgPqJ5Pgzyo542Ng
470,UCTkeofeQizWAjTjMpFfOBAg
471,UCU56n77eDN_J92yh0vdCSiA
472,UCUESWgziGTEJBjKTrodPphg
473,UCUJ5f32KXbnneWLYMQ4M3zg
474,UCUNxHKnUZha-8ziPuzI9e_w
475,UCV-lE76VZEggVkjan1xDTzg
476,UCVE5dWURe-u47kG7hIAab2w
477,UCVPmgnM1qlvcbx3Q2xWYFDw
478,UCVQj-dBsPZWhLc3Ru59IDLg
479,UCBtzwVbeWYgBkVEsn6Tmn2w
480,UCVkhBLqGboFwBoiRlQ8Fb4w
481,UCWVEkVmmpad8mJReox8DPwQ
482,UCWeS4a1qmGKOlh4agWblIjg
483,UCX8jOSRldoAR65T-PzGdawg
484,UCXSDq2h36yNF_DhMBTTzQMQ
485,UCXXZlywuP2NqxVpF30A7fuA
486,UCXcEBsc03KwOmhb7onG1G4w
487,UCY2whl6XDUqDnmSdzvFttyw
488,UCYg-NGih_1rlHDnt4S1fPwQ
489,UCYiM773ssvNMaBHvaWWeIoQ
490,UCC9ZW_pxzkH_repV48oLoLw
491,UCYm6OIO_s3S1Gm_cmaVYtdg
492,UCZXZajCD7JxjwOhIEUnklKg
493,UC_DwG1jyfFmvDZ9lMS6PsIQ
494,UC_PeiyHQ-ELGyU3-3Tlm42g
495,UC_n5C9XVmRgnn1XKbuzaJLg
496,UCa07itCLa8QnED3ArpX6R8Q
497,UCaAjXmxb74Wiif8lun70v5Q
498,UCaHiPhiium01QHh2o9-OSeA
499,UCaVxZfv95r7UZTCxDmmN5fQ
500,UCaoJQS5ddq2DNhzA6okX-Kw
501,UCCFeDTn1gkAAnPnACWPQI5A
502,UCaskF1RKOZfv5hoO2tMZIDw
503,UCbByuD8hCwKwRmDlNsdl1YQ
504,UCbZ-wYRGa5icfa7N7aPaJxg
505,UCbaWtq3V4pjJjELbcIg8dVQ
506,UCbpDj_5v9SXBarroB9uQY0w
507,UCbxsJa_15crBGZeO2l3oFxQ
508,UCcGQtKh06t8QAyunF1YZw4w
509,UCcGrFuVDxVbQey0pTQI9b-w
510,UCcpXf0CgthL7QjTraywTNbQ
511,UCcr0ifftcpMngiJ21wfp5DQ
512,UCCMwBNkRNGj4szbEgr_U3QQ
513,UCdAqZ-s9Jmy3cJJuOa_rFGw
514,UCdnH89G3P4kJKVMo4-1zdMg
515,UCdpUR2Ooppfut4Ggtf3zihw
516,UCeClaz4pAxODLA9aF5aSQDA
517,UCe_QT4mpb4C-lqpO3fVlQcQ
518,UCec-3ugFOqs7cOGa8klmV2Q
519,UCeiMMh5wPvgoXf2TSgzfvyw
520,UCejQbSxOP6TtstwIpqz9UdQ
521,UCeo7ALpAC3vjFdS4dcEA0FQ
522,UCeoxEPpntDP4vImUoojYztw
523,UCCeR-nHvKKHeYsSTHa5AvHg
524,UCfSJYBlspvec2OGmwHbxxUg
525,UCfXGjU9DbNNA_LUbP8pO09Q
526,UCffAs9SQmKTSEhqJsImjT-Q
527,UCfqp-hxebDy2XnNA0iK_O6g
528,UCg8m1SRDvxJwwjD1iVbog6g
529,UCgCqyxOY3tMJm95VLo4BZLA
530,UCgDCX1k5asAkeaggkoo4vrg
531,UCgHg7dYzoovU27lzS7ihbDw
532,UCgQvKVDFKbJqACldwElgrPg
533,UCgeigqthyx-WMz7FLKM0kDw
534,UCCe_jFhJURh1otWylimq3dQ
535,UCgn-xKb72TiKgQij51923aw
536,UCh9fOzEr8wS9Zz__PEHEOYw
537,UChghfaDzI3LexgEB9W_alPQ
538,UChh-R4-UyLT6VdlzQyk0opQ
539,UChhssMJF70YMf5vJd8UFYJQ
540,UCi2rVoMJRdqhg6G87GEt10Q
541,UCiLR8xpkCXww37u71ssK8eQ
542,UCiR8mCoE99TKLeg5nh6oc6A
543,UCiZTOzlM_fYNw3XbOfvtuFw
544,UCiZbxwyEHd_bZ7JGRigvctg
545,UCCuUlakutyVG_vWX7U8wSmw
546,UCiczveEL_2_KXINoNED8ntA
547,UCiwAY_PbuXO0vitVqw5H9kQ
548,UCj5JV92Drl8ZkXU5PKsDzVA
549,UCjcw6TflrrkR_GAsqcg9HSA
550,UCjxLAdpAIKNXnCtIaHphnOA
551,UCk-vP5XwAm3K4gELYFJaRpw
552,UCk1FtldcNGUC16QXJhq-yGQ
553,UCkFAg4lNxqM_Rruwzuaj99g
554,UCkIoS3gihzf40sALfInBEUg
555,UCka48Evrv5zFPTtifLpedpg
556,UC1PPF-cSCAgdmApk1t7Wung
557,UCCyz94SSzWu5YpGOMCC8tlw
558,UCkkGP5j-74o6QkG8Bw5xwLQ
559,UCl3dZ8w3UYP802DILYXJi8w
560,UCl5OSAyB6GIrQjhUgH286Zg
561,UClNGCV55pqMy-iDzLwBDLbw
562,UCljKmazo3rwLpWVFVq0Qyow
563,UClmbgSDl4W6G3IJ6C_zBE3A
564,UClqRGpc96q7oBQ8hcgCYkUA
565,UClyGxkelLVoERjntPuqjvPw
566,UCmOkUBIOy7DL4lRpEbIk28g
567,UCmTPeIQ3TryqkXfTnnSjFmA
568,UCD1vXW3ScoHYZ4nGye4rCEA
569,UCmiONLCLEnFUwsgGPM295bQ
570,UCn93C37bdtIrBXW6mEBN42Q
571,UCnseq5WOR7lU3t2T1r5sQ1w
572,UCo5-3R3-6Q5GhWcSX5M52pg
573,UCo5J0ameMLmVs29B5Hy_dkw
574,UCoOuscE_JosGeuWnBdHt4QA
575,UCoSO93afTsRIGJwZ0J99j5A
576,UCo_kwR2HQKS1nJKVCBlrrvA
577,UCp1679tsoNvSYCyy5xr526g
578,UCp6exqHL2ZytxGk0d2361Ag
579,UCDBU8ljFwEfy_yBTyRXzOYQ
580,UCpD3CTNyFs_9xVDeFi5Sbnw
581,UCpYQb5rNROgMVBmyxaMDuWA
582,UCpa07YnF08iMWi1t1-6TIlA
583,UCpbmEL-SmZEGENJBSMm7VOw
584,UCpk05ALwFeOzQnEZw6dgyEA
585,UCpk7LhL74G38zI5eakWhsKg
586,UCprLlaJis25R-igRrrVcvEw
587,UCqVad1ojXWRVEAty2ZSjg2Q
588,UCqffJ5kvkze8bdGO2M2F68g
589,UCqgYFv1BRDUHLe1DnGGvJ7w
590,UCDFfaQIAn_vg0V4uMQI3v_w
591,UCqjikFZLVmPRKMqws0ilvpw
592,UCqnQTRrX7gSZ1pS_DsGhPKA
593,UCr5Ygt1f92jM25hCkC_lNYg
594,UCr5rE50qu9m6jrzjlT80B8g
595,UCrORNYM20mDYWgZ2bky2ZyQ
596,UCrUAw_1mq2Bpr-WffGRhjTw
597,UCrXVcCeyhPr5FwwUfh29vzw
598,UCrjGEsWlQD0tJbfIOVmy4SQ
599,UCsD8VpgR_PGejbppJ0sqQLw
600,UCsh6bK1aitHBkrylhogaPgg
601,UCDLuhUtpJNiVg3L9KL6kFMA
602,UCsllHekn_OAmLwk9EtCa3tA
603,UCsmOunQPFBmsfqmuejpts_A
604,UCszkm-7ipyhdGRKONk7xR8A
605,UCt1csac_jg17AG7rBY5BEuA
606,UCtXDO6ECxXdEQmtuO3Tb_Pg
607,UCtqVe6OFb-q7Ft1Ai1BqtLw
608,UCtqnFHs9aCGLROkvrUaXScg
609,UCu20nxUig22TOB_D1saQRTA
610,UCuGHqTFBQyHovZMz_vzPqjQ
611,UCuaVSM21YnIm0uiQ1mP6GpQ
612,UCDLw33e2P9kYq2E1uASFOBw
613,UCueI_4N6dckAUbjCDQsbkvA
614,UCuyAf5c_-Qs8lFDRVGUYP6w
615,UCvCveBBujU3zQxAIUmWL89w
616,UCvNDxatGshkfV2PyGKVQQWQ
617,UCvRXV1kvq8Kt4rrWvP8CQCw
618,UCvTJCtGw-k9mKNh-cB9w2PA
619,UCvTVXcJCFJ2eeZIgPSvMlLw
620,UCvU8ZdH8kaWKckrOCdsVXfw
621,UCvWiNt6MH713IpwATq_2fgg
622,UCw11YAG7GQ75z_ezgVtmNMA
623,UCDN_qvjsKCP6h3T1NuAFt1Q
624,UCwPjj4oTxv3UKa7mhuUEX8Q
625,UCwRH04f98czF4pT-emstRrQ
626,UCwaYXx41G41l6WMzcd1freg
627,UCwdh-SbQ1mDOb4xHzNm9f0g
628,UCwoz2vefJ_5uiw2yOndvRXQ
629,UCxTi_nMZ0TmSRqgXVQSKdUg
630,UCxdFOGA2IC6Qnkoa_gqitqQ
631,UCy3AsO-4O7C6cRYJhcWgs_Q
632,UCy6ynIbtxZX_8wcXJ7XM0Qg
633,UCyGvnvLz0eDQ_5Iglt9qWEw
634,UCDcVMCvqpCucVGroH5KwXOQ
635,UCyPzvtXSTRd8d7A-ThHnhpw
636,UCyW7VFDnlYdb8eRfnYRtuAg
637,UCyWBNSv4DDv-RQGbaraQz7w
638,UCyl7Kx9JD-k1EcPQlKf4Hnw
639,UCyn8iUupmMaodo7hMeqaZDg
640,UCytYKwi13TiMgdOG8aleUUg
641,UCz3Iom9yGSgzeErZiIMMnfA
642,UCz6KN9myJofhizFhUvApFaA
643,UCz6X7zEDEclH4sEwpH92M-g
644,UCzEehfNN409vCq4TEpzer2w
645,UCDu1AOn7-D_NY3m_iwJksIQ
646,UCzZhROWMA9Q9blMGq2CzRMA
647,UCzm5Atrg-v1VMmgwXuryJJQ
648,UCDw8TY9iMqKqwfP-tavkUEg
649,UC1hqzN6WWy_qNXDZAVk5EEw
650,UCEQ4ArKNERHtlrddyps65Vw
651,UCEcVhWrJnGvb_p1IBCWNRRA
652,UCG3RKz9kLbHdhd21lh0IRCA
653,UCGbxTs7PWZjBv2SFwFdxdlg
654,UCGd3u_zHgzoErYdEoPY-hLA
655,UCGmm_4Fq3XcvppdBW1sHSwQ
656,UCHOmhCjbWufWcsAHFdZE7Lw
657,UCHRXNrH008exzw9oFPn6MVQ
658,UCHZd8Ynx7k-I0E2oCN81yJg
659,UCIFFhMXA91qZ2N8k-8UVGBg
660,UC1iw3TmZsFamKz7YpPh1Wig
661,UCIGIXBuUzWdDMrC1FqlrHvQ
662,UCIKLeX_0Z3CH-7QkvKCkZwg
663,UCIc83ijDEQuUb9yxZbAgQRA
664,UCIlAEhNNXk6wFXkd2BXd94Q
665,UCItMIbQvmMh-ZgaPhX98JQg
666,UCIvg5rslfvIXe_eD21ZspLg
667,UCIvrEGrYqM8a45r6es7y5PQ
668,UCJEcUZ2wYDvkU8NnvD16l1w
669,UCJIeS7bZJ_ST8almxCeYR5w
670,UCJMhwAYU_UGg9dGaDZRpUvw
671,UC1rrVrDilPXH43jt2IOUN5Q
672,UCJVT0_1j5o-F4xCNdmDMiUQ
673,UCJclBx0sRmvJsPLQgWkgKlg
674,UCJg5ye_znD9iVlQiMKZauQQ
675,UCJhKq7VQ0Ck6ffDOBA_GjUQ
676,UCJiSTVo8RDCF-H0BbK5lstQ
677,UCJuf-dAH5uz-60_cdnhOI5w
678,UCK4SZF5xYZPEd4Q9tArqHJA
679,UCKKIucLl6e1esc93TeK8eCA
680,UCKKaxyZb56k_ny4aTc9SX5Q
681,UCKcbuLDuGup_2D_DvyQtTAg
