kind,etag,id,snippet.publishedAt,snippet.channelId,snippet.title,snippet.description,snippet.thumbnails.default,snippet.thumbnails.medium,snippet.thumbnails.high,snippet.thumbnails.standard,snippet.thumbnails.maxres,snippet.channelTitle,snippet.playlistId,snippet.position,snippet.resourceId.kind,snippet.resourceId.videoId,snippet.videoOwnerChannelTitle,snippet.videoOwnerChannelId,nextPageToken,extraction_date
youtube#playlistItem,FSBtgBFiczn7CFVoJPWbxxYrxDA,VVV4STl2TjZVYnhtQnQ4Vkl2VUt0SmFBLjQzN2E0a0dReXRz,2023-05-26T21:42:38Z,UCxI9vN6UbxmBt8VIvUKtJaA,‚ÄúN√ÉO FOI CRIME‚Äù decide PGR sobre Nikolas,,"{'url': 'https://i.ytimg.com/vi/437a4kGQyts/default.jpg', 'width': 120, 'height': 90}","{'url': 'https://i.ytimg.com/vi/437a4kGQyts/mqdefault.jpg', 'width': 320, 'height': 180}","{'url': 'https://i.ytimg.com/vi/437a4kGQyts/hqdefault.jpg', 'width': 480, 'height': 360}","{'url': 'https://i.ytimg.com/vi/437a4kGQyts/sddefault.jpg', 'width': 640, 'height': 480}","{'url': 'https://i.ytimg.com/vi/437a4kGQyts/maxresdefault.jpg', 'width': 1280, 'height': 720}",Nikolas Ferreira,UUxI9vN6UbxmBt8VIvUKtJaA,0,youtube#video,437a4kGQyts,Nikolas Ferreira,UCxI9vN6UbxmBt8VIvUKtJaA,EAAaBlBUOkNESQ,2023-06-06 00:28:31.346311
youtube#playlistItem,QYOj7Lf5YZ-3mGwQiMZQI_sDFi8,VVV4STl2TjZVYnhtQnQ4Vkl2VUt0SmFBLlRKTHBZMmVkbHhB,2023-05-25T16:50:59Z,UCxI9vN6UbxmBt8VIvUKtJaA,NIKOLAS √â APLAUDIDO EM SUA PRIMEIRA FALA NA CPMI,,"{'url': 'https://i.ytimg.com/vi/TJLpY2edlxA/default.jpg', 'width': 120, 'height': 90}","{'url': 'https://i.ytimg.com/vi/TJLpY2edlxA/mqdefault.jpg', 'width': 320, 'height': 180}","{'url': 'https://i.ytimg.com/vi/TJLpY2edlxA/hqdefault.jpg', 'width': 480, 'height': 360}","{'url': 'https://i.ytimg.com/vi/TJLpY2edlxA/sddefault.jpg', 'width': 640, 'height': 480}","{'url': 'https://i.ytimg.com/vi/TJLpY2edlxA/maxresdefault.jpg', 'width': 1280, 'height': 720}",Nikolas Ferreira,UUxI9vN6UbxmBt8VIvUKtJaA,1,youtube#video,TJLpY2edlxA,Nikolas Ferreira,UCxI9vN6UbxmBt8VIvUKtJaA,EAAaBlBUOkNESQ,2023-06-06 00:28:31.346311
youtube#playlistItem,SKDqVO91Og9R1g9kjX5biuhZVVE,VVV4STl2TjZVYnhtQnQ4Vkl2VUt0SmFBLndVUUVkSkYyM1FF,2023-05-25T00:38:17Z,UCxI9vN6UbxmBt8VIvUKtJaA,DESMASCARANDO DOIS ESQUERDISTAS NUM DIA,"Instagram: https://instagram.com/nikolasferreiradm
Twitter: https://twitter.com/nikolas_dm
Facebook: https://facebook.com/nikolasferreiradm
Telegram: https://t.me/nikolasferreira
TikTok: https://tiktok.com/@nikolasferreiradm
Livraria: https://livrariadonikolas.com","{'url': 'https://i.ytimg.com/vi/wUQEdJF23QE/default.jpg', 'width': 120, 'height': 90}","{'url': 'https://i.ytimg.com/vi/wUQEdJF23QE/mqdefault.jpg', 'width': 320, 'height': 180}","{'url': 'https://i.ytimg.com/vi/wUQEdJF23QE/hqdefault.jpg', 'width': 480, 'height': 360}","{'url': 'https://i.ytimg.com/vi/wUQEdJF23QE/sddefault.jpg', 'width': 640, 'height': 480}","{'url': 'https://i.ytimg.com/vi/wUQEdJF23QE/maxresdefault.jpg', 'width': 1280, 'height': 720}",Nikolas Ferreira,UUxI9vN6UbxmBt8VIvUKtJaA,2,youtube#video,wUQEdJF23QE,Nikolas Ferreira,UCxI9vN6UbxmBt8VIvUKtJaA,EAAaBlBUOkNESQ,2023-06-06 00:28:31.346311
youtube#playlistItem,c4hbRuHGpFtwE8zm9OxCXGemkFk,VVV4STl2TjZVYnhtQnQ4Vkl2VUt0SmFBLnZsNkRJYzdKMllj,2023-05-19T20:29:11Z,UCxI9vN6UbxmBt8VIvUKtJaA,CARROS PARADOS POR CONTA DE ADESIVO? FOMOS COBRAR.,"Instagram: https://instagram.com/nikolasferreiradm
Twitter: https://twitter.com/nikolas_dm
Facebook: https://facebook.com/nikolasferreiradm
Telegram: https://t.me/nikolasferreira
TikTok: https://tiktok.com/@nikolasferreiradm
Livraria: https://livrariadonikolas.com","{'url': 'https://i.ytimg.com/vi/vl6DIc7J2Yc/default.jpg', 'width': 120, 'height': 90}","{'url': 'https://i.ytimg.com/vi/vl6DIc7J2Yc/mqdefault.jpg', 'width': 320, 'height': 180}","{'url': 'https://i.ytimg.com/vi/vl6DIc7J2Yc/hqdefault.jpg', 'width': 480, 'height': 360}","{'url': 'https://i.ytimg.com/vi/vl6DIc7J2Yc/sddefault.jpg', 'width': 640, 'height': 480}",,Nikolas Ferreira,UUxI9vN6UbxmBt8VIvUKtJaA,3,youtube#video,vl6DIc7J2Yc,Nikolas Ferreira,UCxI9vN6UbxmBt8VIvUKtJaA,EAAaBlBUOkNESQ,2023-06-06 00:28:31.346311
youtube#playlistItem,uGoV3yh0JsamUL7qiMnv_y6N1AE,VVV4STl2TjZVYnhtQnQ4Vkl2VUt0SmFBLnVfM1A0SlZubEdn,2023-05-18T11:07:47Z,UCxI9vN6UbxmBt8VIvUKtJaA,Quem √© a justi√ßa brasileira?,"Instagram: https://instagram.com/nikolasferreiradm
Twitter: https://twitter.com/nikolas_dm
Facebook: https://facebook.com/nikolasferreiradm
Telegram: https://t.me/nikolasferreira
TikTok: https://tiktok.com/@nikolasferreiradm
Livraria: https://livrariadonikolas.com","{'url': 'https://i.ytimg.com/vi/u_3P4JVnlGg/default.jpg', 'width': 120, 'height': 90}","{'url': 'https://i.ytimg.com/vi/u_3P4JVnlGg/mqdefault.jpg', 'width': 320, 'height': 180}","{'url': 'https://i.ytimg.com/vi/u_3P4JVnlGg/hqdefault.jpg', 'width': 480, 'height': 360}","{'url': 'https://i.ytimg.com/vi/u_3P4JVnlGg/sddefault.jpg', 'width': 640, 'height': 480}",,Nikolas Ferreira,UUxI9vN6UbxmBt8VIvUKtJaA,4,youtube#video,u_3P4JVnlGg,Nikolas Ferreira,UCxI9vN6UbxmBt8VIvUKtJaA,EAAaBlBUOkNESQ,2023-06-06 00:28:31.346311
youtube#playlistItem,2tVTpNocJ7JJkRdb4b2b2EmCdrs,VVV4STl2TjZVYnhtQnQ4Vkl2VUt0SmFBLjJFVy1FcUZTaFVF,2023-05-16T22:43:14Z,UCxI9vN6UbxmBt8VIvUKtJaA,O DISCURSO MAIS FORTE DA MINHA VIDA,"Instagram: https://instagram.com/nikolasferreiradm
Twitter: https://twitter.com/nikolas_dm
Facebook: https://facebook.com/nikolasferreiradm
Telegram: https://t.me/nikolasferreira
TikTok: https://tiktok.com/@nikolasferreiradm
Livraria: https://livrariadonikolas.com","{'url': 'https://i.ytimg.com/vi/2EW-EqFShUE/default.jpg', 'width': 120, 'height': 90}","{'url': 'https://i.ytimg.com/vi/2EW-EqFShUE/mqdefault.jpg', 'width': 320, 'height': 180}","{'url': 'https://i.ytimg.com/vi/2EW-EqFShUE/hqdefault.jpg', 'width': 480, 'height': 360}","{'url': 'https://i.ytimg.com/vi/2EW-EqFShUE/sddefault.jpg', 'width': 640, 'height': 480}","{'url': 'https://i.ytimg.com/vi/2EW-EqFShUE/maxresdefault.jpg', 'width': 1280, 'height': 720}",Nikolas Ferreira,UUxI9vN6UbxmBt8VIvUKtJaA,5,youtube#video,2EW-EqFShUE,Nikolas Ferreira,UCxI9vN6UbxmBt8VIvUKtJaA,EAAaBlBUOkNESQ,2023-06-06 00:28:31.346311
youtube#playlistItem,JzoeUQeu2LWZX0i4phnZInneQlM,VVV4STl2TjZVYnhtQnQ4Vkl2VUt0SmFBLi1uVjF3aGJwck5V,2023-05-01T22:50:26Z,UCxI9vN6UbxmBt8VIvUKtJaA,"ENFIM, CASADOS!","Instagram: https://instagram.com/nikolasferreiradm
Twitter: https://twitter.com/nikolas_dm
Facebook: https://facebook.com/nikolasferreiradm
Telegram: https://t.me/nikolasferreira
TikTok: https://tiktok.com/@nikolasferreiradm
Livraria: https://livrariadonikolas.com","{'url': 'https://i.ytimg.com/vi/-nV1whbprNU/default.jpg', 'width': 120, 'height': 90}","{'url': 'https://i.ytimg.com/vi/-nV1whbprNU/mqdefault.jpg', 'width': 320, 'height': 180}","{'url': 'https://i.ytimg.com/vi/-nV1whbprNU/hqdefault.jpg', 'width': 480, 'height': 360}","{'url': 'https://i.ytimg.com/vi/-nV1whbprNU/sddefault.jpg', 'width': 640, 'height': 480}","{'url': 'https://i.ytimg.com/vi/-nV1whbprNU/maxresdefault.jpg', 'width': 1280, 'height': 720}",Nikolas Ferreira,UUxI9vN6UbxmBt8VIvUKtJaA,6,youtube#video,-nV1whbprNU,Nikolas Ferreira,UCxI9vN6UbxmBt8VIvUKtJaA,EAAaBlBUOkNESQ,2023-06-06 00:28:31.346311
youtube#playlistItem,HzKjd3blaItONXIzRSC7l_e2fpg,VVV4STl2TjZVYnhtQnQ4Vkl2VUt0SmFBLjR3NHotbEVQdUVB,2023-04-27T18:58:31Z,UCxI9vN6UbxmBt8VIvUKtJaA,Compartilhe para destruir essa estrat√©gia da esquerda,,"{'url': 'https://i.ytimg.com/vi/4w4z-lEPuEA/default.jpg', 'width': 120, 'height': 90}","{'url': 'https://i.ytimg.com/vi/4w4z-lEPuEA/mqdefault.jpg', 'width': 320, 'height': 180}","{'url': 'https://i.ytimg.com/vi/4w4z-lEPuEA/hqdefault.jpg', 'width': 480, 'height': 360}","{'url': 'https://i.ytimg.com/vi/4w4z-lEPuEA/sddefault.jpg', 'width': 640, 'height': 480}","{'url': 'https://i.ytimg.com/vi/4w4z-lEPuEA/maxresdefault.jpg', 'width': 1280, 'height': 720}",Nikolas Ferreira,UUxI9vN6UbxmBt8VIvUKtJaA,7,youtube#video,4w4z-lEPuEA,Nikolas Ferreira,UCxI9vN6UbxmBt8VIvUKtJaA,EAAaBlBUOkNESQ,2023-06-06 00:28:31.346311
youtube#playlistItem,e3T6jw6Cvcb_vRfrPr3gYAz76jU,VVV4STl2TjZVYnhtQnQ4Vkl2VUt0SmFBLk5iTlRwWjRCakdF,2023-04-25T23:49:46Z,UCxI9vN6UbxmBt8VIvUKtJaA,PL DA CENSURA - ENTENDA TUDO,"Instagram: https://instagram.com/nikolasferreiradm
Twitter: https://twitter.com/nikolas_dm
Facebook: https://facebook.com/nikolasferreiradm
Telegram: https://t.me/nikolasferreira
TikTok: https://tiktok.com/@nikolasferreiradm
Livraria: https://livrariadonikolas.com","{'url': 'https://i.ytimg.com/vi/NbNTpZ4BjGE/default.jpg', 'width': 120, 'height': 90}","{'url': 'https://i.ytimg.com/vi/NbNTpZ4BjGE/mqdefault.jpg', 'width': 320, 'height': 180}","{'url': 'https://i.ytimg.com/vi/NbNTpZ4BjGE/hqdefault.jpg', 'width': 480, 'height': 360}","{'url': 'https://i.ytimg.com/vi/NbNTpZ4BjGE/sddefault.jpg', 'width': 640, 'height': 480}","{'url': 'https://i.ytimg.com/vi/NbNTpZ4BjGE/maxresdefault.jpg', 'width': 1280, 'height': 720}",Nikolas Ferreira,UUxI9vN6UbxmBt8VIvUKtJaA,8,youtube#video,NbNTpZ4BjGE,Nikolas Ferreira,UCxI9vN6UbxmBt8VIvUKtJaA,EAAaBlBUOkNESQ,2023-06-06 00:28:31.346311
youtube#playlistItem,zyM56oR5cwdvEftO-r2Iz48lOI4,VVV4STl2TjZVYnhtQnQ4Vkl2VUt0SmFBLlpVOUFNTFBlU193,2023-04-23T18:20:35Z,UCxI9vN6UbxmBt8VIvUKtJaA,"Saia da ‚Äú√°gua‚Äù, n√£o espere ser tarde demais!",,"{'url': 'https://i.ytimg.com/vi/ZU9AMLPeS_w/default.jpg', 'width': 120, 'height': 90}","{'url': 'https://i.ytimg.com/vi/ZU9AMLPeS_w/mqdefault.jpg', 'width': 320, 'height': 180}","{'url': 'https://i.ytimg.com/vi/ZU9AMLPeS_w/hqdefault.jpg', 'width': 480, 'height': 360}","{'url': 'https://i.ytimg.com/vi/ZU9AMLPeS_w/sddefault.jpg', 'width': 640, 'height': 480}","{'url': 'https://i.ytimg.com/vi/ZU9AMLPeS_w/maxresdefault.jpg', 'width': 1280, 'height': 720}",Nikolas Ferreira,UUxI9vN6UbxmBt8VIvUKtJaA,9,youtube#video,ZU9AMLPeS_w,Nikolas Ferreira,UCxI9vN6UbxmBt8VIvUKtJaA,EAAaBlBUOkNESQ,2023-06-06 00:28:31.346311
youtube#playlistItem,UezzTid1rZS3IypcB5WGk7zQfRU,VVV4STl2TjZVYnhtQnQ4Vkl2VUt0SmFBLklfN2FELVZoNzAw,2023-04-20T23:11:37Z,UCxI9vN6UbxmBt8VIvUKtJaA,PT PEDE MINHA CONDENA√á√ÉO E CASSA√á√ÉO,"Instagram: https://instagram.com/nikolasferreiradm
Twitter: https://twitter.com/nikolas_dm
Facebook: https://facebook.com/nikolasferreiradm
Telegram: https://t.me/nikolasferreira
TikTok: https://tiktok.com/@nikolasferreiradm
Livraria: https://livrariadonikolas.com","{'url': 'https://i.ytimg.com/vi/I_7aD-Vh700/default.jpg', 'width': 120, 'height': 90}","{'url': 'https://i.ytimg.com/vi/I_7aD-Vh700/mqdefault.jpg', 'width': 320, 'height': 180}","{'url': 'https://i.ytimg.com/vi/I_7aD-Vh700/hqdefault.jpg', 'width': 480, 'height': 360}","{'url': 'https://i.ytimg.com/vi/I_7aD-Vh700/sddefault.jpg', 'width': 640, 'height': 480}",,Nikolas Ferreira,UUxI9vN6UbxmBt8VIvUKtJaA,10,youtube#video,I_7aD-Vh700,Nikolas Ferreira,UCxI9vN6UbxmBt8VIvUKtJaA,EAAaBlBUOkNESQ,2023-06-06 00:28:31.346311
youtube#playlistItem,0J8QmMFXhTgbL6hYimuqMNNywbM,VVV4STl2TjZVYnhtQnQ4Vkl2VUt0SmFBLlBJRDY3S2Vtc09Z,2023-04-19T23:52:05Z,UCxI9vN6UbxmBt8VIvUKtJaA,CAI MINISTRO DO LULA  - A VERDADE DO DIA 08,"Instagram: https://instagram.com/nikolasferreiradm
Twitter: https://twitter.com/nikolas_dm
Facebook: https://facebook.com/nikolasferreiradm
Telegram: https://t.me/nikolasferreira
TikTok: https://tiktok.com/@nikolasferreiradm
Livraria: https://livrariadonikolas.com","{'url': 'https://i.ytimg.com/vi/PID67KemsOY/default.jpg', 'width': 120, 'height': 90}","{'url': 'https://i.ytimg.com/vi/PID67KemsOY/mqdefault.jpg', 'width': 320, 'height': 180}","{'url': 'https://i.ytimg.com/vi/PID67KemsOY/hqdefault.jpg', 'width': 480, 'height': 360}","{'url': 'https://i.ytimg.com/vi/PID67KemsOY/sddefault.jpg', 'width': 640, 'height': 480}","{'url': 'https://i.ytimg.com/vi/PID67KemsOY/maxresdefault.jpg', 'width': 1280, 'height': 720}",Nikolas Ferreira,UUxI9vN6UbxmBt8VIvUKtJaA,11,youtube#video,PID67KemsOY,Nikolas Ferreira,UCxI9vN6UbxmBt8VIvUKtJaA,EAAaBlBUOkNESQ,2023-06-06 00:28:31.346311
youtube#playlistItem,UKunol9j804YVU0V18xRVHAyEX4,VVV4STl2TjZVYnhtQnQ4Vkl2VUt0SmFBLlAtdnByVDRodjNN,2023-04-11T20:24:39Z,UCxI9vN6UbxmBt8VIvUKtJaA,N√£o se cale para a minoria barulhenta,,"{'url': 'https://i.ytimg.com/vi/P-vprT4hv3M/default.jpg', 'width': 120, 'height': 90}","{'url': 'https://i.ytimg.com/vi/P-vprT4hv3M/mqdefault.jpg', 'width': 320, 'height': 180}","{'url': 'https://i.ytimg.com/vi/P-vprT4hv3M/hqdefault.jpg', 'width': 480, 'height': 360}","{'url': 'https://i.ytimg.com/vi/P-vprT4hv3M/sddefault.jpg', 'width': 640, 'height': 480}","{'url': 'https://i.ytimg.com/vi/P-vprT4hv3M/maxresdefault.jpg', 'width': 1280, 'height': 720}",Nikolas Ferreira,UUxI9vN6UbxmBt8VIvUKtJaA,12,youtube#video,P-vprT4hv3M,Nikolas Ferreira,UCxI9vN6UbxmBt8VIvUKtJaA,EAAaBlBUOkNESQ,2023-06-06 00:28:31.346311
youtube#playlistItem,pNYQ91uzpGs4lHCuIR4GTyyaZDs,VVV4STl2TjZVYnhtQnQ4Vkl2VUt0SmFBLm1GUDlwUXl4aDd3,2023-03-15T23:59:24Z,UCxI9vN6UbxmBt8VIvUKtJaA,A MINORIA DA MINORIA,"Esses ex-travestis precisam de sua ajuda para reverter procedimentos que fizeram (silicone nos seios e n√°degas). 

Link para apoiar: https://www.vakinha.com.br/3581569

Instagram: https://instagram.com/nikolasferreiradm
Twitter: https://twitter.com/nikolas_dm
Facebook: https://facebook.com/nikolasferreiradm
Telegram: https://t.me/nikolasferreira
TikTok: https://tiktok.com/@nikolasferreiradm
Livraria: https://livrariadonikolas.com","{'url': 'https://i.ytimg.com/vi/mFP9pQyxh7w/default.jpg', 'width': 120, 'height': 90}","{'url': 'https://i.ytimg.com/vi/mFP9pQyxh7w/mqdefault.jpg', 'width': 320, 'height': 180}","{'url': 'https://i.ytimg.com/vi/mFP9pQyxh7w/hqdefault.jpg', 'width': 480, 'height': 360}","{'url': 'https://i.ytimg.com/vi/mFP9pQyxh7w/sddefault.jpg', 'width': 640, 'height': 480}",,Nikolas Ferreira,UUxI9vN6UbxmBt8VIvUKtJaA,13,youtube#video,mFP9pQyxh7w,Nikolas Ferreira,UCxI9vN6UbxmBt8VIvUKtJaA,EAAaBlBUOkNESQ,2023-06-06 00:28:31.346311
youtube#playlistItem,GwXf2gAaFw1nCzBef_iGThHRFcg,VVV4STl2TjZVYnhtQnQ4Vkl2VUt0SmFBLmFreGQxX3RJaHdr,2023-03-09T22:40:16Z,UCxI9vN6UbxmBt8VIvUKtJaA,A pol√™mica‚Ä¶peruca,"Instagram: https://instagram.com/nikolasferreiradm
Twitter: https://twitter.com/nikolas_dm
Facebook: https://facebook.com/nikolasferreiradm
Telegram: https://t.me/nikolasferreira
TikTok: https://tiktok.com/@nikolasferreiradm
Livraria: https://livrariadonikolas.com","{'url': 'https://i.ytimg.com/vi/akxd1_tIhwk/default.jpg', 'width': 120, 'height': 90}","{'url': 'https://i.ytimg.com/vi/akxd1_tIhwk/mqdefault.jpg', 'width': 320, 'height': 180}","{'url': 'https://i.ytimg.com/vi/akxd1_tIhwk/hqdefault.jpg', 'width': 480, 'height': 360}","{'url': 'https://i.ytimg.com/vi/akxd1_tIhwk/sddefault.jpg', 'width': 640, 'height': 480}","{'url': 'https://i.ytimg.com/vi/akxd1_tIhwk/maxresdefault.jpg', 'width': 1280, 'height': 720}",Nikolas Ferreira,UUxI9vN6UbxmBt8VIvUKtJaA,14,youtube#video,akxd1_tIhwk,Nikolas Ferreira,UCxI9vN6UbxmBt8VIvUKtJaA,EAAaBlBUOkNESQ,2023-06-06 00:28:31.346311
youtube#playlistItem,ez_cgSXvxdcaHsly-dGbXEQ1PvM,VVV4STl2TjZVYnhtQnQ4Vkl2VUt0SmFBLlB2bjdMcVVPVGxv,2023-02-15T00:59:55Z,UCxI9vN6UbxmBt8VIvUKtJaA,Fomos ao pres√≠dio feminino - relatos sobre o dia 08/01,"Instagram: https://instagram.com/nikolasferreiradm
Twitter: https://twitter.com/nikolas_dm
Facebook: https://facebook.com/nikolasferreiradm
Telegram: https://t.me/nikolasferreira
TikTok: https://tiktok.com/@nikolasferreiradm
Livraria: https://livrariadonikolas.com","{'url': 'https://i.ytimg.com/vi/Pvn7LqUOTlo/default.jpg', 'width': 120, 'height': 90}","{'url': 'https://i.ytimg.com/vi/Pvn7LqUOTlo/mqdefault.jpg', 'width': 320, 'height': 180}","{'url': 'https://i.ytimg.com/vi/Pvn7LqUOTlo/hqdefault.jpg', 'width': 480, 'height': 360}","{'url': 'https://i.ytimg.com/vi/Pvn7LqUOTlo/sddefault.jpg', 'width': 640, 'height': 480}","{'url': 'https://i.ytimg.com/vi/Pvn7LqUOTlo/maxresdefault.jpg', 'width': 1280, 'height': 720}",Nikolas Ferreira,UUxI9vN6UbxmBt8VIvUKtJaA,15,youtube#video,Pvn7LqUOTlo,Nikolas Ferreira,UCxI9vN6UbxmBt8VIvUKtJaA,EAAaBlBUOkNESQ,2023-06-06 00:28:31.346311
youtube#playlistItem,qS36UmxqkkfY2Pp6QioLn6samrc,VVV4STl2TjZVYnhtQnQ4Vkl2VUt0SmFBLmw5d29EdWlTYmtr,2023-02-06T21:28:06Z,UCxI9vN6UbxmBt8VIvUKtJaA,GORDOFOBIA?,"Instagram: https://instagram.com/nikolasferreiradm
Twitter: https://twitter.com/nikolas_dm
Facebook: https://facebook.com/nikolasferreiradm
Telegram: https://t.me/nikolasferreira
TikTok: https://tiktok.com/@nikolasferreiradm
Livraria: https://livrariadonikolas.com","{'url': 'https://i.ytimg.com/vi/l9woDuiSbkk/default.jpg', 'width': 120, 'height': 90}","{'url': 'https://i.ytimg.com/vi/l9woDuiSbkk/mqdefault.jpg', 'width': 320, 'height': 180}","{'url': 'https://i.ytimg.com/vi/l9woDuiSbkk/hqdefault.jpg', 'width': 480, 'height': 360}","{'url': 'https://i.ytimg.com/vi/l9woDuiSbkk/sddefault.jpg', 'width': 640, 'height': 480}","{'url': 'https://i.ytimg.com/vi/l9woDuiSbkk/maxresdefault.jpg', 'width': 1280, 'height': 720}",Nikolas Ferreira,UUxI9vN6UbxmBt8VIvUKtJaA,16,youtube#video,l9woDuiSbkk,Nikolas Ferreira,UCxI9vN6UbxmBt8VIvUKtJaA,EAAaBlBUOkNESQ,2023-06-06 00:28:31.346311
youtube#playlistItem,FwEuMQdbOIlbeXx1Kms6HBjN2zw,VVV4STl2TjZVYnhtQnQ4Vkl2VUt0SmFBLnBwVUxPVE9fOVFJ,2023-02-01T23:31:17Z,UCxI9vN6UbxmBt8VIvUKtJaA,Primeiro dia de Deputado,"Instagram: https://instagram.com/nikolasferreiradm
Twitter: https://twitter.com/nikolas_dm
Facebook: https://facebook.com/nikolasferreiradm
Telegram: https://t.me/nikolasferreira
TikTok: https://tiktok.com/@nikolasferreiradm
Livraria: https://livrariadonikolas.com","{'url': 'https://i.ytimg.com/vi/ppULOTO_9QI/default.jpg', 'width': 120, 'height': 90}","{'url': 'https://i.ytimg.com/vi/ppULOTO_9QI/mqdefault.jpg', 'width': 320, 'height': 180}","{'url': 'https://i.ytimg.com/vi/ppULOTO_9QI/hqdefault.jpg', 'width': 480, 'height': 360}","{'url': 'https://i.ytimg.com/vi/ppULOTO_9QI/sddefault.jpg', 'width': 640, 'height': 480}","{'url': 'https://i.ytimg.com/vi/ppULOTO_9QI/maxresdefault.jpg', 'width': 1280, 'height': 720}",Nikolas Ferreira,UUxI9vN6UbxmBt8VIvUKtJaA,17,youtube#video,ppULOTO_9QI,Nikolas Ferreira,UCxI9vN6UbxmBt8VIvUKtJaA,EAAaBlBUOkNESQ,2023-06-06 00:28:31.346311
youtube#playlistItem,sxSUvb-Sidv5AHZO3EMRiFHSLlg,VVV4STl2TjZVYnhtQnQ4Vkl2VUt0SmFBLktDYVRIcWlWQ3Zr,2023-01-13T16:55:30Z,UCxI9vN6UbxmBt8VIvUKtJaA,Derrubaram minhas contas‚Ä¶ tudo pela DEMOCRACIA üôåüèª,"Instagram: https://instagram.com/nikolasferreiradm
Twitter: https://twitter.com/nikolas_dm
Facebook: https://facebook.com/nikolasferreiradm
Telegram: https://t.me/nikolasferreira
TikTok: https://tiktok.com/@nikolasferreiradm
Livraria: https://livrariadonikolas.com","{'url': 'https://i.ytimg.com/vi/KCaTHqiVCvk/default.jpg', 'width': 120, 'height': 90}","{'url': 'https://i.ytimg.com/vi/KCaTHqiVCvk/mqdefault.jpg', 'width': 320, 'height': 180}","{'url': 'https://i.ytimg.com/vi/KCaTHqiVCvk/hqdefault.jpg', 'width': 480, 'height': 360}","{'url': 'https://i.ytimg.com/vi/KCaTHqiVCvk/sddefault.jpg', 'width': 640, 'height': 480}","{'url': 'https://i.ytimg.com/vi/KCaTHqiVCvk/maxresdefault.jpg', 'width': 1280, 'height': 720}",Nikolas Ferreira,UUxI9vN6UbxmBt8VIvUKtJaA,18,youtube#video,KCaTHqiVCvk,Nikolas Ferreira,UCxI9vN6UbxmBt8VIvUKtJaA,EAAaBlBUOkNESQ,2023-06-06 00:28:31.346311
youtube#playlistItem,vWgWLUjmutc-DKLNHu647ku9QkU,VVV4STl2TjZVYnhtQnQ4Vkl2VUt0SmFBLlh0TTMzUGFtY0pN,2022-12-30T16:11:01Z,UCxI9vN6UbxmBt8VIvUKtJaA,E agora? Meu v√≠deo mais importante‚Ä¶,"Instagram: https://instagram.com/nikolasferreiradm
Twitter: https://twitter.com/nikolas_dm
Facebook: https://facebook.com/nikolasferreiradm
Telegram: https://t.me/nikolasferreira
TikTok: https://tiktok.com/@nikolasferreiradm
Livraria: https://livrariadonikolas.com","{'url': 'https://i.ytimg.com/vi/XtM33PamcJM/default.jpg', 'width': 120, 'height': 90}","{'url': 'https://i.ytimg.com/vi/XtM33PamcJM/mqdefault.jpg', 'width': 320, 'height': 180}","{'url': 'https://i.ytimg.com/vi/XtM33PamcJM/hqdefault.jpg', 'width': 480, 'height': 360}","{'url': 'https://i.ytimg.com/vi/XtM33PamcJM/sddefault.jpg', 'width': 640, 'height': 480}","{'url': 'https://i.ytimg.com/vi/XtM33PamcJM/maxresdefault.jpg', 'width': 1280, 'height': 720}",Nikolas Ferreira,UUxI9vN6UbxmBt8VIvUKtJaA,19,youtube#video,XtM33PamcJM,Nikolas Ferreira,UCxI9vN6UbxmBt8VIvUKtJaA,EAAaBlBUOkNESQ,2023-06-06 00:28:31.346311
youtube#playlistItem,aHEQWbZrhlTrCfkstbip6FmEGLg,VVV4STl2TjZVYnhtQnQ4Vkl2VUt0SmFBLm0zNGpfTkVVZ0g0,2022-12-17T15:47:45Z,UCxI9vN6UbxmBt8VIvUKtJaA,Esquerda comemorou minha censura e‚Ä¶,"Instagram: https://instagram.com/nikolasferreiradm
Twitter: https://twitter.com/nikolas_dm
Facebook: https://facebook.com/nikolasferreiradm
Telegram: https://t.me/nikolasferreira
TikTok: https://tiktok.com/@nikolasferreiradm
Livraria: https://livrariadonikolas.com","{'url': 'https://i.ytimg.com/vi/m34j_NEUgH4/default.jpg', 'width': 120, 'height': 90}","{'url': 'https://i.ytimg.com/vi/m34j_NEUgH4/mqdefault.jpg', 'width': 320, 'height': 180}","{'url': 'https://i.ytimg.com/vi/m34j_NEUgH4/hqdefault.jpg', 'width': 480, 'height': 360}","{'url': 'https://i.ytimg.com/vi/m34j_NEUgH4/sddefault.jpg', 'width': 640, 'height': 480}","{'url': 'https://i.ytimg.com/vi/m34j_NEUgH4/maxresdefault.jpg', 'width': 1280, 'height': 720}",Nikolas Ferreira,UUxI9vN6UbxmBt8VIvUKtJaA,20,youtube#video,m34j_NEUgH4,Nikolas Ferreira,UCxI9vN6UbxmBt8VIvUKtJaA,EAAaBlBUOkNESQ,2023-06-06 00:28:31.346311
youtube#playlistItem,7s7hd02iybtrGF3oWqYkxVlhs80,VVV4STl2TjZVYnhtQnQ4Vkl2VUt0SmFBLk0yMkxlbGtDd3lF,2022-12-16T15:30:04Z,UCxI9vN6UbxmBt8VIvUKtJaA,Desmentindo uma PSOLISTA,"Instagram: https://instagram.com/nikolasferreiradm
Twitter: https://twitter.com/nikolas_dm
Facebook: https://facebook.com/nikolasferreiradm
Telegram: https://t.me/nikolasferreira
TikTok: https://tiktok.com/@nikolasferreiradm
Livraria: https://livrariadonikolas.com","{'url': 'https://i.ytimg.com/vi/M22LelkCwyE/default.jpg', 'width': 120, 'height': 90}","{'url': 'https://i.ytimg.com/vi/M22LelkCwyE/mqdefault.jpg', 'width': 320, 'height': 180}","{'url': 'https://i.ytimg.com/vi/M22LelkCwyE/hqdefault.jpg', 'width': 480, 'height': 360}","{'url': 'https://i.ytimg.com/vi/M22LelkCwyE/sddefault.jpg', 'width': 640, 'height': 480}",,Nikolas Ferreira,UUxI9vN6UbxmBt8VIvUKtJaA,21,youtube#video,M22LelkCwyE,Nikolas Ferreira,UCxI9vN6UbxmBt8VIvUKtJaA,EAAaBlBUOkNESQ,2023-06-06 00:28:31.346311
youtube#playlistItem,k_zFRQf-tFsmqGndCCVAi_0mO0c,VVV4STl2TjZVYnhtQnQ4Vkl2VUt0SmFBLlhPa3hmeXF6WFgw,2022-12-15T23:04:44Z,UCxI9vN6UbxmBt8VIvUKtJaA,Meu √∫ltimo discurso,"Instagram: https://instagram.com/nikolasferreiradm
Twitter: https://twitter.com/nikolas_dm
Facebook: https://facebook.com/nikolasferreiradm
Telegram: https://t.me/nikolasferreira
TikTok: https://tiktok.com/@nikolasferreiradm
Livraria: https://livrariadonikolas.com","{'url': 'https://i.ytimg.com/vi/XOkxfyqzXX0/default.jpg', 'width': 120, 'height': 90}","{'url': 'https://i.ytimg.com/vi/XOkxfyqzXX0/mqdefault.jpg', 'width': 320, 'height': 180}","{'url': 'https://i.ytimg.com/vi/XOkxfyqzXX0/hqdefault.jpg', 'width': 480, 'height': 360}",,,Nikolas Ferreira,UUxI9vN6UbxmBt8VIvUKtJaA,22,youtube#video,XOkxfyqzXX0,Nikolas Ferreira,UCxI9vN6UbxmBt8VIvUKtJaA,EAAaBlBUOkNESQ,2023-06-06 00:28:31.346311
youtube#playlistItem,mRo7QFa-TMczA6pq1udMdCs-PK0,VVV4STl2TjZVYnhtQnQ4Vkl2VUt0SmFBLmdPUkJnbWlZY0dv,2022-12-09T22:36:22Z,UCxI9vN6UbxmBt8VIvUKtJaA,PT quer me tornar ineleg√≠vel,"Instagram: https://instagram.com/nikolasferreiradm
Twitter: https://twitter.com/nikolas_dm
Facebook: https://facebook.com/nikolasferreiradm
Telegram: https://t.me/nikolasferreira
TikTok: https://tiktok.com/@nikolasferreiradm
Livraria: https://livrariadonikolas.com","{'url': 'https://i.ytimg.com/vi/gORBgmiYcGo/default.jpg', 'width': 120, 'height': 90}","{'url': 'https://i.ytimg.com/vi/gORBgmiYcGo/mqdefault.jpg', 'width': 320, 'height': 180}","{'url': 'https://i.ytimg.com/vi/gORBgmiYcGo/hqdefault.jpg', 'width': 480, 'height': 360}","{'url': 'https://i.ytimg.com/vi/gORBgmiYcGo/sddefault.jpg', 'width': 640, 'height': 480}","{'url': 'https://i.ytimg.com/vi/gORBgmiYcGo/maxresdefault.jpg', 'width': 1280, 'height': 720}",Nikolas Ferreira,UUxI9vN6UbxmBt8VIvUKtJaA,23,youtube#video,gORBgmiYcGo,Nikolas Ferreira,UCxI9vN6UbxmBt8VIvUKtJaA,EAAaBlBUOkNESQ,2023-06-06 00:28:31.346311
youtube#playlistItem,FxQJTxr_bjq0xe3fzblVKVV3LXI,VVV4STl2TjZVYnhtQnQ4Vkl2VUt0SmFBLjE3R3pmdWgwQlM4,2022-11-11T15:07:12Z,UCxI9vN6UbxmBt8VIvUKtJaA,Os poss√≠veis ministros do‚Ä¶ Lula.,"Instagram: https://instagram.com/nikolasferreiradm
Twitter: https://twitter.com/nikolas_dm
Facebook: https://facebook.com/nikolasferreiradm
Telegram: https://t.me/nikolasferreira
TikTok: https://tiktok.com/@nikolasferreiradm
Livraria: https://livrariadonikolas.com","{'url': 'https://i.ytimg.com/vi/17Gzfuh0BS8/default.jpg', 'width': 120, 'height': 90}","{'url': 'https://i.ytimg.com/vi/17Gzfuh0BS8/mqdefault.jpg', 'width': 320, 'height': 180}","{'url': 'https://i.ytimg.com/vi/17Gzfuh0BS8/hqdefault.jpg', 'width': 480, 'height': 360}","{'url': 'https://i.ytimg.com/vi/17Gzfuh0BS8/sddefault.jpg', 'width': 640, 'height': 480}","{'url': 'https://i.ytimg.com/vi/17Gzfuh0BS8/maxresdefault.jpg', 'width': 1280, 'height': 720}",Nikolas Ferreira,UUxI9vN6UbxmBt8VIvUKtJaA,24,youtube#video,17Gzfuh0BS8,Nikolas Ferreira,UCxI9vN6UbxmBt8VIvUKtJaA,EAAaBlBUOkNESQ,2023-06-06 00:28:31.346311
youtube#playlistItem,D7_9adH8Fyny30WXlOqF5zv-Ns0,VVV4STl2TjZVYnhtQnQ4Vkl2VUt0SmFBLnBjMjBjSlFodXpZ,2022-11-09T01:44:08Z,UCxI9vN6UbxmBt8VIvUKtJaA,Mais uma conta derrubada. Por qu√™? Assista‚Ä¶,"Instagram: https://instagram.com/nikolasferreiradm
Twitter: https://twitter.com/nikolas_dm
Facebook: https://facebook.com/nikolasferreiradm
Telegram: https://t.me/nikolasferreira
TikTok: https://tiktok.com/@nikolasferreiradm
Livraria: https://livrariadonikolas.com","{'url': 'https://i.ytimg.com/vi/pc20cJQhuzY/default.jpg', 'width': 120, 'height': 90}","{'url': 'https://i.ytimg.com/vi/pc20cJQhuzY/mqdefault.jpg', 'width': 320, 'height': 180}","{'url': 'https://i.ytimg.com/vi/pc20cJQhuzY/hqdefault.jpg', 'width': 480, 'height': 360}","{'url': 'https://i.ytimg.com/vi/pc20cJQhuzY/sddefault.jpg', 'width': 640, 'height': 480}","{'url': 'https://i.ytimg.com/vi/pc20cJQhuzY/maxresdefault.jpg', 'width': 1280, 'height': 720}",Nikolas Ferreira,UUxI9vN6UbxmBt8VIvUKtJaA,25,youtube#video,pc20cJQhuzY,Nikolas Ferreira,UCxI9vN6UbxmBt8VIvUKtJaA,EAAaBlBUOkNESQ,2023-06-06 00:28:31.346311
youtube#playlistItem,avbrd5y4nHG6JZGgBbzUPgGEVzA,VVV4STl2TjZVYnhtQnQ4Vkl2VUt0SmFBLlAwb1pYd04wa2JR,2022-11-05T15:59:31Z,UCxI9vN6UbxmBt8VIvUKtJaA,Por que derrubaram minhas contas? A verdade,"Instagram: https://instagram.com/nikolasferreiradm
Twitter: https://twitter.com/nikolas_dm
Facebook: https://facebook.com/nikolasferreiradm
Telegram: https://t.me/nikolasferreira
TikTok: https://tiktok.com/@nikolasferreiradm
Livraria: https://livrariadonikolas.com","{'url': 'https://i.ytimg.com/vi/P0oZXwN0kbQ/default.jpg', 'width': 120, 'height': 90}","{'url': 'https://i.ytimg.com/vi/P0oZXwN0kbQ/mqdefault.jpg', 'width': 320, 'height': 180}","{'url': 'https://i.ytimg.com/vi/P0oZXwN0kbQ/hqdefault.jpg', 'width': 480, 'height': 360}","{'url': 'https://i.ytimg.com/vi/P0oZXwN0kbQ/sddefault.jpg', 'width': 640, 'height': 480}","{'url': 'https://i.ytimg.com/vi/P0oZXwN0kbQ/maxresdefault.jpg', 'width': 1280, 'height': 720}",Nikolas Ferreira,UUxI9vN6UbxmBt8VIvUKtJaA,26,youtube#video,P0oZXwN0kbQ,Nikolas Ferreira,UCxI9vN6UbxmBt8VIvUKtJaA,EAAaBlBUOkNESQ,2023-06-06 00:28:31.346311
youtube#playlistItem,EygNpS7S_7WPIE_xczZ4irD3Tjs,VVV4STl2TjZVYnhtQnQ4Vkl2VUt0SmFBLkdyYVZaRVh1M24w,2022-10-31T15:57:13Z,UCxI9vN6UbxmBt8VIvUKtJaA,E agora?,"Instagram: https://instagram.com/nikolasferreiradm
Twitter: https://twitter.com/nikolas_dm
Facebook: https://facebook.com/nikolasferreiradm
Telegram: https://t.me/nikolasferreira
TikTok: https://tiktok.com/@nikolasferreiradm
Livraria: https://livrariadonikolas.com","{'url': 'https://i.ytimg.com/vi/GraVZEXu3n0/default.jpg', 'width': 120, 'height': 90}","{'url': 'https://i.ytimg.com/vi/GraVZEXu3n0/mqdefault.jpg', 'width': 320, 'height': 180}","{'url': 'https://i.ytimg.com/vi/GraVZEXu3n0/hqdefault.jpg', 'width': 480, 'height': 360}","{'url': 'https://i.ytimg.com/vi/GraVZEXu3n0/sddefault.jpg', 'width': 640, 'height': 480}",,Nikolas Ferreira,UUxI9vN6UbxmBt8VIvUKtJaA,27,youtube#video,GraVZEXu3n0,Nikolas Ferreira,UCxI9vN6UbxmBt8VIvUKtJaA,EAAaBlBUOkNESQ,2023-06-06 00:28:31.346311
youtube#playlistItem,av5APandyW0bPy-w9H8o9Rg6pfQ,VVV4STl2TjZVYnhtQnQ4Vkl2VUt0SmFBLlVIaFh1R1F3ZHo4,2022-10-29T23:02:17Z,UCxI9vN6UbxmBt8VIvUKtJaA,O √∫ltimo v√≠deo - Deus aben√ßoe o Brasil,"Instagram: https://instagram.com/nikolasferreiradm
Twitter: https://twitter.com/nikolas_dm
Facebook: https://facebook.com/nikolasferreiradm
Telegram: https://t.me/nikolasferreira
TikTok: https://tiktok.com/@nikolasferreiradm
Livraria: https://livrariadonikolas.com","{'url': 'https://i.ytimg.com/vi/UHhXuGQwdz8/default.jpg', 'width': 120, 'height': 90}","{'url': 'https://i.ytimg.com/vi/UHhXuGQwdz8/mqdefault.jpg', 'width': 320, 'height': 180}","{'url': 'https://i.ytimg.com/vi/UHhXuGQwdz8/hqdefault.jpg', 'width': 480, 'height': 360}","{'url': 'https://i.ytimg.com/vi/UHhXuGQwdz8/sddefault.jpg', 'width': 640, 'height': 480}","{'url': 'https://i.ytimg.com/vi/UHhXuGQwdz8/maxresdefault.jpg', 'width': 1280, 'height': 720}",Nikolas Ferreira,UUxI9vN6UbxmBt8VIvUKtJaA,28,youtube#video,UHhXuGQwdz8,Nikolas Ferreira,UCxI9vN6UbxmBt8VIvUKtJaA,EAAaBlBUOkNESQ,2023-06-06 00:28:31.346311
youtube#playlistItem,scpz4-bzNHo1qPcUi2kuCgoGOms,VVV4STl2TjZVYnhtQnQ4Vkl2VUt0SmFBLnFCZHoyZnhwSGxB,2022-10-26T23:21:39Z,UCxI9vN6UbxmBt8VIvUKtJaA,O Lula revelou o plano - VIRALIZEM,"Instagram: https://instagram.com/nikolasferreiradm
Twitter: https://twitter.com/nikolas_dm
Facebook: https://facebook.com/nikolasferreiradm
Telegram: https://t.me/nikolasferreira
TikTok: https://tiktok.com/@nikolasferreiradm
Livraria: https://livrariadonikolas.com","{'url': 'https://i.ytimg.com/vi/qBdz2fxpHlA/default.jpg', 'width': 120, 'height': 90}","{'url': 'https://i.ytimg.com/vi/qBdz2fxpHlA/mqdefault.jpg', 'width': 320, 'height': 180}","{'url': 'https://i.ytimg.com/vi/qBdz2fxpHlA/hqdefault.jpg', 'width': 480, 'height': 360}","{'url': 'https://i.ytimg.com/vi/qBdz2fxpHlA/sddefault.jpg', 'width': 640, 'height': 480}","{'url': 'https://i.ytimg.com/vi/qBdz2fxpHlA/maxresdefault.jpg', 'width': 1280, 'height': 720}",Nikolas Ferreira,UUxI9vN6UbxmBt8VIvUKtJaA,29,youtube#video,qBdz2fxpHlA,Nikolas Ferreira,UCxI9vN6UbxmBt8VIvUKtJaA,EAAaBlBUOkNESQ,2023-06-06 00:28:31.346311
youtube#playlistItem,BnUMmLzGNe1bPdUG8GAsYaOjjJs,VVV4STl2TjZVYnhtQnQ4Vkl2VUt0SmFBLl9oQzF4Ymt1clAw,2022-10-17T01:13:05Z,UCxI9vN6UbxmBt8VIvUKtJaA,‚ÄúComo eu posso ajudar o Bolsonaro?‚Äù - DESAFIO PRA VOC√ä,"Instagram: https://instagram.com/nikolasferreiradm
Twitter: https://twitter.com/nikolas_dm
Facebook: https://facebook.com/nikolasferreiradm
Telegram: https://t.me/nikolasferreira
TikTok: https://tiktok.com/@nikolasferreiradm
Livraria: https://livrariadonikolas.com","{'url': 'https://i.ytimg.com/vi/_hC1xbkurP0/default.jpg', 'width': 120, 'height': 90}","{'url': 'https://i.ytimg.com/vi/_hC1xbkurP0/mqdefault.jpg', 'width': 320, 'height': 180}","{'url': 'https://i.ytimg.com/vi/_hC1xbkurP0/hqdefault.jpg', 'width': 480, 'height': 360}","{'url': 'https://i.ytimg.com/vi/_hC1xbkurP0/sddefault.jpg', 'width': 640, 'height': 480}",,Nikolas Ferreira,UUxI9vN6UbxmBt8VIvUKtJaA,30,youtube#video,_hC1xbkurP0,Nikolas Ferreira,UCxI9vN6UbxmBt8VIvUKtJaA,EAAaBlBUOkNESQ,2023-06-06 00:28:31.346311
youtube#playlistItem,d2VDt1u48h5r-aaNwXbXWy7_9KY,VVV4STl2TjZVYnhtQnQ4Vkl2VUt0SmFBLlVqbU1FWllUcDJr,2022-10-12T22:34:53Z,UCxI9vN6UbxmBt8VIvUKtJaA,Debate - Nikolas Ferreira x Boulos MELHORES MOMENTOS,"Instagram: https://instagram.com/nikolasferreiradm
Twitter: https://twitter.com/nikolas_dm
Facebook: https://facebook.com/nikolasferreiradm
Telegram: https://t.me/nikolasferreira
TikTok: https://tiktok.com/@nikolasferreiradm
Livraria: https://livrariadonikolas.com

Debate completo: youtu.be/6vdCV4ZZkx4","{'url': 'https://i.ytimg.com/vi/UjmMEZYTp2k/default.jpg', 'width': 120, 'height': 90}","{'url': 'https://i.ytimg.com/vi/UjmMEZYTp2k/mqdefault.jpg', 'width': 320, 'height': 180}","{'url': 'https://i.ytimg.com/vi/UjmMEZYTp2k/hqdefault.jpg', 'width': 480, 'height': 360}","{'url': 'https://i.ytimg.com/vi/UjmMEZYTp2k/sddefault.jpg', 'width': 640, 'height': 480}",,Nikolas Ferreira,UUxI9vN6UbxmBt8VIvUKtJaA,31,youtube#video,UjmMEZYTp2k,Nikolas Ferreira,UCxI9vN6UbxmBt8VIvUKtJaA,EAAaBlBUOkNESQ,2023-06-06 00:28:31.346311
youtube#playlistItem,2bn3QnexhuX2IyaOFTI7CNewjio,VVV4STl2TjZVYnhtQnQ4Vkl2VUt0SmFBLlVQYTRNVktydEhB,2022-10-12T01:06:25Z,UCxI9vN6UbxmBt8VIvUKtJaA,Por que est√£o me atacando tanto?,"Instagram: https://instagram.com/nikolasferreiradm
Twitter: https://twitter.com/nikolas_dm
Facebook: https://facebook.com/nikolasferreiradm
Telegram: https://t.me/nikolasferreira
TikTok: https://tiktok.com/@nikolasferreiradm
Livraria: https://livrariadonikolas.com","{'url': 'https://i.ytimg.com/vi/UPa4MVKrtHA/default.jpg', 'width': 120, 'height': 90}","{'url': 'https://i.ytimg.com/vi/UPa4MVKrtHA/mqdefault.jpg', 'width': 320, 'height': 180}","{'url': 'https://i.ytimg.com/vi/UPa4MVKrtHA/hqdefault.jpg', 'width': 480, 'height': 360}","{'url': 'https://i.ytimg.com/vi/UPa4MVKrtHA/sddefault.jpg', 'width': 640, 'height': 480}","{'url': 'https://i.ytimg.com/vi/UPa4MVKrtHA/maxresdefault.jpg', 'width': 1280, 'height': 720}",Nikolas Ferreira,UUxI9vN6UbxmBt8VIvUKtJaA,32,youtube#video,UPa4MVKrtHA,Nikolas Ferreira,UCxI9vN6UbxmBt8VIvUKtJaA,EAAaBlBUOkNESQ,2023-06-06 00:28:31.346311
youtube#playlistItem,I_jMaeTIQWhuVSgC8hHWXunsl-E,VVV4STl2TjZVYnhtQnQ4Vkl2VUt0SmFBLlRFQVhjMWRoYVhZ,2022-10-10T17:31:31Z,UCxI9vN6UbxmBt8VIvUKtJaA,Ditadura N√ÉO!,"CUIDADO!

O plano nada secreto do Lula!

Aborto, drogas, regulamenta√ß√£o da m√≠dia, prender opositores e mais...

Lula n√£o esconde de ningu√©m e esta ser√° sua √∫ltima oportunidade de implementar uma ditadura sanguin√°ria no Brasil.

#ditaduranao

Se voc√™ que fazer a diferen√ßa, fa√ßa parte dessa Opera√ß√£o!

Instagram: https://instagram.com/nikolasferreiradm
Twitter: https://twitter.com/nikolas_dm
Facebook: https://facebook.com/nikolasferreiradm
Telegram: https://t.me/nikolasferreira
TikTok: https://tiktok.com/@nikolasferreiradm
Livraria: https://livrariadonikolas.com","{'url': 'https://i.ytimg.com/vi/TEAXc1dhaXY/default.jpg', 'width': 120, 'height': 90}","{'url': 'https://i.ytimg.com/vi/TEAXc1dhaXY/mqdefault.jpg', 'width': 320, 'height': 180}","{'url': 'https://i.ytimg.com/vi/TEAXc1dhaXY/hqdefault.jpg', 'width': 480, 'height': 360}","{'url': 'https://i.ytimg.com/vi/TEAXc1dhaXY/sddefault.jpg', 'width': 640, 'height': 480}","{'url': 'https://i.ytimg.com/vi/TEAXc1dhaXY/maxresdefault.jpg', 'width': 1280, 'height': 720}",Nikolas Ferreira,UUxI9vN6UbxmBt8VIvUKtJaA,33,youtube#video,TEAXc1dhaXY,Nikolas Ferreira,UCxI9vN6UbxmBt8VIvUKtJaA,EAAaBlBUOkNESQ,2023-06-06 00:28:31.346311
youtube#playlistItem,aFNrtnbS8wr3D0J1_k3Y6oTT9RI,VVV4STl2TjZVYnhtQnQ4Vkl2VUt0SmFBLkZ4RVFRY1hqUVlv,2022-10-08T23:09:43Z,UCxI9vN6UbxmBt8VIvUKtJaA,21 dias de Jejum e ora√ß√£o pelo BRASIL,"Instagram: https://instagram.com/nikolasferreiradm
Twitter: https://twitter.com/nikolas_dm
Facebook: https://facebook.com/nikolasferreiradm
Telegram: https://t.me/nikolasferreira
TikTok: https://tiktok.com/@nikolasferreiradm
Livraria: https://livrariadonikolas.com","{'url': 'https://i.ytimg.com/vi/FxEQQcXjQYo/default.jpg', 'width': 120, 'height': 90}","{'url': 'https://i.ytimg.com/vi/FxEQQcXjQYo/mqdefault.jpg', 'width': 320, 'height': 180}","{'url': 'https://i.ytimg.com/vi/FxEQQcXjQYo/hqdefault.jpg', 'width': 480, 'height': 360}","{'url': 'https://i.ytimg.com/vi/FxEQQcXjQYo/sddefault.jpg', 'width': 640, 'height': 480}","{'url': 'https://i.ytimg.com/vi/FxEQQcXjQYo/maxresdefault.jpg', 'width': 1280, 'height': 720}",Nikolas Ferreira,UUxI9vN6UbxmBt8VIvUKtJaA,34,youtube#video,FxEQQcXjQYo,Nikolas Ferreira,UCxI9vN6UbxmBt8VIvUKtJaA,EAAaBlBUOkNESQ,2023-06-06 00:28:31.346311
youtube#playlistItem,HUYesxCmqVV3DRmYCXLF-w8WaOM,VVV4STl2TjZVYnhtQnQ4Vkl2VUt0SmFBLlNPTnI5VjVYRkZN,2022-10-05T23:58:37Z,UCxI9vN6UbxmBt8VIvUKtJaA,Datena se emociona - Entrevista com Nikolas Ferreira,"Instagram: https://instagram.com/nikolasferreiradm
Twitter: https://twitter.com/nikolas_dm
Facebook: https://facebook.com/nikolasferreiradm
Telegram: https://t.me/nikolasferreira
TikTok: https://tiktok.com/@nikolasferreiradm
Livraria: https://livrariadonikolas.com","{'url': 'https://i.ytimg.com/vi/SONr9V5XFFM/default.jpg', 'width': 120, 'height': 90}","{'url': 'https://i.ytimg.com/vi/SONr9V5XFFM/mqdefault.jpg', 'width': 320, 'height': 180}","{'url': 'https://i.ytimg.com/vi/SONr9V5XFFM/hqdefault.jpg', 'width': 480, 'height': 360}","{'url': 'https://i.ytimg.com/vi/SONr9V5XFFM/sddefault.jpg', 'width': 640, 'height': 480}",,Nikolas Ferreira,UUxI9vN6UbxmBt8VIvUKtJaA,35,youtube#video,SONr9V5XFFM,Nikolas Ferreira,UCxI9vN6UbxmBt8VIvUKtJaA,EAAaBlBUOkNESQ,2023-06-06 00:28:31.346311
youtube#playlistItem,1NIsjQMLVhGbpOv6ErIaEDjRS8A,VVV4STl2TjZVYnhtQnQ4Vkl2VUt0SmFBLlFRbUxYVU5Ib0Jv,2022-10-04T17:05:49Z,UCxI9vN6UbxmBt8VIvUKtJaA,DESMENTINDO O FELIPE NETO,"Instagram: https://instagram.com/nikolasferreiradm
Twitter: https://twitter.com/nikolas_dm
Facebook: https://facebook.com/nikolasferreiradm
Telegram: https://t.me/nikolasferreira
TikTok: https://tiktok.com/@nikolasferreiradm
Livraria: https://livrariadonikolas.com","{'url': 'https://i.ytimg.com/vi/QQmLXUNHoBo/default.jpg', 'width': 120, 'height': 90}","{'url': 'https://i.ytimg.com/vi/QQmLXUNHoBo/mqdefault.jpg', 'width': 320, 'height': 180}","{'url': 'https://i.ytimg.com/vi/QQmLXUNHoBo/hqdefault.jpg', 'width': 480, 'height': 360}","{'url': 'https://i.ytimg.com/vi/QQmLXUNHoBo/sddefault.jpg', 'width': 640, 'height': 480}","{'url': 'https://i.ytimg.com/vi/QQmLXUNHoBo/maxresdefault.jpg', 'width': 1280, 'height': 720}",Nikolas Ferreira,UUxI9vN6UbxmBt8VIvUKtJaA,36,youtube#video,QQmLXUNHoBo,Nikolas Ferreira,UCxI9vN6UbxmBt8VIvUKtJaA,EAAaBlBUOkNESQ,2023-06-06 00:28:31.346311
youtube#playlistItem,0rxWVX4GpkVbg_cOOay-P1Io-Oc,VVV4STl2TjZVYnhtQnQ4Vkl2VUt0SmFBLklWM09hdktnVWVR,2022-10-03T23:27:32Z,UCxI9vN6UbxmBt8VIvUKtJaA,Deputado mais votado do Brasil e de Minas. Agora √© outra miss√£o!,"Instagram: https://instagram.com/nikolasferreiradm
Twitter: https://twitter.com/nikolas_dm
Facebook: https://facebook.com/nikolasferreiradm
Telegram: https://t.me/nikolasferreira
TikTok: https://tiktok.com/@nikolasferreiradm
Livraria: https://livrariadonikolas.com","{'url': 'https://i.ytimg.com/vi/IV3OavKgUeQ/default.jpg', 'width': 120, 'height': 90}","{'url': 'https://i.ytimg.com/vi/IV3OavKgUeQ/mqdefault.jpg', 'width': 320, 'height': 180}","{'url': 'https://i.ytimg.com/vi/IV3OavKgUeQ/hqdefault.jpg', 'width': 480, 'height': 360}","{'url': 'https://i.ytimg.com/vi/IV3OavKgUeQ/sddefault.jpg', 'width': 640, 'height': 480}",,Nikolas Ferreira,UUxI9vN6UbxmBt8VIvUKtJaA,37,youtube#video,IV3OavKgUeQ,Nikolas Ferreira,UCxI9vN6UbxmBt8VIvUKtJaA,EAAaBlBUOkNESQ,2023-06-06 00:28:31.346311
youtube#playlistItem,saxcd9SrUhhL697anRsUjF8jsv0,VVV4STl2TjZVYnhtQnQ4Vkl2VUt0SmFBLm5kVVpUNkxSN2dz,2022-10-02T02:50:50Z,UCxI9vN6UbxmBt8VIvUKtJaA,Presidente entrou na live e mandou um √∫ltimo recado!!!!,"Instagram: https://instagram.com/nikolasferreiradm
Twitter: https://twitter.com/nikolas_dm
Facebook: https://facebook.com/nikolasferreiradm
Telegram: https://t.me/nikolasferreira
TikTok: https://tiktok.com/@nikolasferreiradm
Livraria: https://livrariadonikolas.com","{'url': 'https://i.ytimg.com/vi/ndUZT6LR7gs/default.jpg', 'width': 120, 'height': 90}","{'url': 'https://i.ytimg.com/vi/ndUZT6LR7gs/mqdefault.jpg', 'width': 320, 'height': 180}","{'url': 'https://i.ytimg.com/vi/ndUZT6LR7gs/hqdefault.jpg', 'width': 480, 'height': 360}","{'url': 'https://i.ytimg.com/vi/ndUZT6LR7gs/sddefault.jpg', 'width': 640, 'height': 480}","{'url': 'https://i.ytimg.com/vi/ndUZT6LR7gs/maxresdefault.jpg', 'width': 1280, 'height': 720}",Nikolas Ferreira,UUxI9vN6UbxmBt8VIvUKtJaA,38,youtube#video,ndUZT6LR7gs,Nikolas Ferreira,UCxI9vN6UbxmBt8VIvUKtJaA,EAAaBlBUOkNESQ,2023-06-06 00:28:31.346311
youtube#playlistItem,Tq9UPvRjANZKQrgDt9kE8Ypfo5k,VVV4STl2TjZVYnhtQnQ4Vkl2VUt0SmFBLjZ5aExLSnpvZ3JB,2022-10-01T00:57:33Z,UCxI9vN6UbxmBt8VIvUKtJaA,Meu √∫ltimo recado,"Instagram: https://instagram.com/nikolasferreiradm
Twitter: https://twitter.com/nikolas_dm
Facebook: https://facebook.com/nikolasferreiradm
Telegram: https://t.me/nikolasferreira
TikTok: https://tiktok.com/@nikolasferreiradm
Livraria: https://livrariadonikolas.com","{'url': 'https://i.ytimg.com/vi/6yhLKJzogrA/default.jpg', 'width': 120, 'height': 90}","{'url': 'https://i.ytimg.com/vi/6yhLKJzogrA/mqdefault.jpg', 'width': 320, 'height': 180}","{'url': 'https://i.ytimg.com/vi/6yhLKJzogrA/hqdefault.jpg', 'width': 480, 'height': 360}","{'url': 'https://i.ytimg.com/vi/6yhLKJzogrA/sddefault.jpg', 'width': 640, 'height': 480}","{'url': 'https://i.ytimg.com/vi/6yhLKJzogrA/maxresdefault.jpg', 'width': 1280, 'height': 720}",Nikolas Ferreira,UUxI9vN6UbxmBt8VIvUKtJaA,39,youtube#video,6yhLKJzogrA,Nikolas Ferreira,UCxI9vN6UbxmBt8VIvUKtJaA,EAAaBlBUOkNESQ,2023-06-06 00:28:31.346311
youtube#playlistItem,uVToj7pnAZOfgsqhz12Gg5ormqM,VVV4STl2TjZVYnhtQnQ4Vkl2VUt0SmFBLllwRWFIMmtsU1Vr,2022-09-29T00:35:43Z,UCxI9vN6UbxmBt8VIvUKtJaA,Porque me odeiam? Veja at√© o final.,"Instagram: https://instagram.com/nikolasferreiradm
Twitter: https://twitter.com/nikolas_dm
Facebook: https://facebook.com/nikolasferreiradm
Telegram: https://t.me/nikolasferreira
TikTok: https://tiktok.com/@nikolasferreiradm
Livraria: https://livrariadonikolas.com","{'url': 'https://i.ytimg.com/vi/YpEaH2klSUk/default.jpg', 'width': 120, 'height': 90}","{'url': 'https://i.ytimg.com/vi/YpEaH2klSUk/mqdefault.jpg', 'width': 320, 'height': 180}","{'url': 'https://i.ytimg.com/vi/YpEaH2klSUk/hqdefault.jpg', 'width': 480, 'height': 360}","{'url': 'https://i.ytimg.com/vi/YpEaH2klSUk/sddefault.jpg', 'width': 640, 'height': 480}","{'url': 'https://i.ytimg.com/vi/YpEaH2klSUk/maxresdefault.jpg', 'width': 1280, 'height': 720}",Nikolas Ferreira,UUxI9vN6UbxmBt8VIvUKtJaA,40,youtube#video,YpEaH2klSUk,Nikolas Ferreira,UCxI9vN6UbxmBt8VIvUKtJaA,EAAaBlBUOkNESQ,2023-06-06 00:28:31.346311
youtube#playlistItem,zAsefXPKCxsycHDOG4ADPHgrIjw,VVV4STl2TjZVYnhtQnQ4Vkl2VUt0SmFBLk55VXFYdVoxWGR3,2022-09-27T22:52:55Z,UCxI9vN6UbxmBt8VIvUKtJaA,Expondo a VELHA POL√çTICA - em √°udios,"Instagram: https://instagram.com/nikolasferreiradm
Twitter: https://twitter.com/nikolas_dm
Facebook: https://facebook.com/nikolasferreiradm
Telegram: https://t.me/nikolasferreira
TikTok: https://tiktok.com/@nikolasferreiradm
Livraria: https://livrariadonikolas.com","{'url': 'https://i.ytimg.com/vi/NyUqXuZ1Xdw/default.jpg', 'width': 120, 'height': 90}","{'url': 'https://i.ytimg.com/vi/NyUqXuZ1Xdw/mqdefault.jpg', 'width': 320, 'height': 180}","{'url': 'https://i.ytimg.com/vi/NyUqXuZ1Xdw/hqdefault.jpg', 'width': 480, 'height': 360}","{'url': 'https://i.ytimg.com/vi/NyUqXuZ1Xdw/sddefault.jpg', 'width': 640, 'height': 480}",,Nikolas Ferreira,UUxI9vN6UbxmBt8VIvUKtJaA,41,youtube#video,NyUqXuZ1Xdw,Nikolas Ferreira,UCxI9vN6UbxmBt8VIvUKtJaA,EAAaBlBUOkNESQ,2023-06-06 00:28:31.346311
youtube#playlistItem,rVUXR7rdF20_FYLn5AAgx3P_6_I,VVV4STl2TjZVYnhtQnQ4Vkl2VUt0SmFBLkY5bUk5OWNQZU1j,2022-09-26T23:49:12Z,UCxI9vN6UbxmBt8VIvUKtJaA,Todos contra UM,"Instagram: https://instagram.com/nikolasferreiradm
Twitter: https://twitter.com/nikolas_dm
Facebook: https://facebook.com/nikolasferreiradm
Telegram: https://t.me/nikolasferreira
TikTok: https://tiktok.com/@nikolasferreiradm
Livraria: https://livrariadonikolas.com","{'url': 'https://i.ytimg.com/vi/F9mI99cPeMc/default.jpg', 'width': 120, 'height': 90}","{'url': 'https://i.ytimg.com/vi/F9mI99cPeMc/mqdefault.jpg', 'width': 320, 'height': 180}","{'url': 'https://i.ytimg.com/vi/F9mI99cPeMc/hqdefault.jpg', 'width': 480, 'height': 360}","{'url': 'https://i.ytimg.com/vi/F9mI99cPeMc/sddefault.jpg', 'width': 640, 'height': 480}",,Nikolas Ferreira,UUxI9vN6UbxmBt8VIvUKtJaA,42,youtube#video,F9mI99cPeMc,Nikolas Ferreira,UCxI9vN6UbxmBt8VIvUKtJaA,EAAaBlBUOkNESQ,2023-06-06 00:28:31.346311
youtube#playlistItem,SttbJuBmVPg7TqrlD8hriqJt114,VVV4STl2TjZVYnhtQnQ4Vkl2VUt0SmFBLlF4YkdtT19TaGFr,2022-09-26T01:10:01Z,UCxI9vN6UbxmBt8VIvUKtJaA,Apenas 1 motivo pra votar no BOLSONARO,"Instagram: https://instagram.com/nikolasferreiradm
Twitter: https://twitter.com/nikolas_dm
Facebook: https://facebook.com/nikolasferreiradm
Telegram: https://t.me/nikolasferreira
TikTok: https://tiktok.com/@nikolasferreiradm
Livraria: https://livrariadonikolas.com","{'url': 'https://i.ytimg.com/vi/QxbGmO_Shak/default.jpg', 'width': 120, 'height': 90}","{'url': 'https://i.ytimg.com/vi/QxbGmO_Shak/mqdefault.jpg', 'width': 320, 'height': 180}","{'url': 'https://i.ytimg.com/vi/QxbGmO_Shak/hqdefault.jpg', 'width': 480, 'height': 360}","{'url': 'https://i.ytimg.com/vi/QxbGmO_Shak/sddefault.jpg', 'width': 640, 'height': 480}",,Nikolas Ferreira,UUxI9vN6UbxmBt8VIvUKtJaA,43,youtube#video,QxbGmO_Shak,Nikolas Ferreira,UCxI9vN6UbxmBt8VIvUKtJaA,EAAaBlBUOkNESQ,2023-06-06 00:28:31.346311
youtube#playlistItem,dBYVmMoH5jQo45vGLg_KVxS1bxs,VVV4STl2TjZVYnhtQnQ4Vkl2VUt0SmFBLlhoS1RhX25DQ2NZ,2022-09-19T21:33:13Z,UCxI9vN6UbxmBt8VIvUKtJaA,Vencemos! Respeitem os crist√£os.,"Instagram: https://instagram.com/nikolasferreiradm
Twitter: https://twitter.com/nikolas_dm
Facebook: https://facebook.com/nikolasferreiradm
Telegram: https://t.me/nikolasferreira
TikTok: https://tiktok.com/@nikolasferreiradm
Livraria: https://livrariadonikolas.com","{'url': 'https://i.ytimg.com/vi/XhKTa_nCCcY/default.jpg', 'width': 120, 'height': 90}","{'url': 'https://i.ytimg.com/vi/XhKTa_nCCcY/mqdefault.jpg', 'width': 320, 'height': 180}","{'url': 'https://i.ytimg.com/vi/XhKTa_nCCcY/hqdefault.jpg', 'width': 480, 'height': 360}","{'url': 'https://i.ytimg.com/vi/XhKTa_nCCcY/sddefault.jpg', 'width': 640, 'height': 480}",,Nikolas Ferreira,UUxI9vN6UbxmBt8VIvUKtJaA,44,youtube#video,XhKTa_nCCcY,Nikolas Ferreira,UCxI9vN6UbxmBt8VIvUKtJaA,EAAaBlBUOkNESQ,2023-06-06 00:28:31.346311
youtube#playlistItem,yC_W50cxjvlZZxzEVdffpXTp8q8,VVV4STl2TjZVYnhtQnQ4Vkl2VUt0SmFBLnB6M1RhdWxmaXFZ,2022-09-15T02:18:52Z,UCxI9vN6UbxmBt8VIvUKtJaA,UM ALERTA PRA IGREJA - Esquerda mirando as crian√ßas,"Instagram: https://instagram.com/nikolasferreiradm
Twitter: https://twitter.com/nikolas_dm
Facebook: https://facebook.com/nikolasferreiradm
Telegram: https://t.me/nikolasferreira
TikTok: https://tiktok.com/@nikolasferreiradm
Livraria: https://livrariadonikolas.com","{'url': 'https://i.ytimg.com/vi/pz3TaulfiqY/default.jpg', 'width': 120, 'height': 90}","{'url': 'https://i.ytimg.com/vi/pz3TaulfiqY/mqdefault.jpg', 'width': 320, 'height': 180}","{'url': 'https://i.ytimg.com/vi/pz3TaulfiqY/hqdefault.jpg', 'width': 480, 'height': 360}","{'url': 'https://i.ytimg.com/vi/pz3TaulfiqY/sddefault.jpg', 'width': 640, 'height': 480}",,Nikolas Ferreira,UUxI9vN6UbxmBt8VIvUKtJaA,45,youtube#video,pz3TaulfiqY,Nikolas Ferreira,UCxI9vN6UbxmBt8VIvUKtJaA,EAAaBlBUOkNESQ,2023-06-06 00:28:31.346311
youtube#playlistItem,uPRLeXdn32UQx7pe59Dn-vctadI,VVV4STl2TjZVYnhtQnQ4Vkl2VUt0SmFBLm83RUgxYjRmMFNv,2022-09-13T20:25:27Z,UCxI9vN6UbxmBt8VIvUKtJaA,"‚ÄúNikolas j√° ganhou, vota em mim‚Äù - N√ÉO CAIA NESSA","Instagram: https://instagram.com/nikolasferreiradm
Twitter: https://twitter.com/nikolas_dm
Facebook: https://facebook.com/nikolasferreiradm
Telegram: https://t.me/nikolasferreira
TikTok: https://tiktok.com/@nikolasferreiradm
Livraria: https://livrariadonikolas.com","{'url': 'https://i.ytimg.com/vi/o7EH1b4f0So/default.jpg', 'width': 120, 'height': 90}","{'url': 'https://i.ytimg.com/vi/o7EH1b4f0So/mqdefault.jpg', 'width': 320, 'height': 180}","{'url': 'https://i.ytimg.com/vi/o7EH1b4f0So/hqdefault.jpg', 'width': 480, 'height': 360}","{'url': 'https://i.ytimg.com/vi/o7EH1b4f0So/sddefault.jpg', 'width': 640, 'height': 480}",,Nikolas Ferreira,UUxI9vN6UbxmBt8VIvUKtJaA,46,youtube#video,o7EH1b4f0So,Nikolas Ferreira,UCxI9vN6UbxmBt8VIvUKtJaA,EAAaBlBUOkNESQ,2023-06-06 00:28:31.346311
youtube#playlistItem,Tv6H25w2oi4I3ahys_ACFROo5_8,VVV4STl2TjZVYnhtQnQ4Vkl2VUt0SmFBLkROQTZONVQ5dGRr,2022-09-09T20:32:46Z,UCxI9vN6UbxmBt8VIvUKtJaA,O PERIGO do que ele disse‚Ä¶,"Instagram: https://instagram.com/nikolasferreiradm
Twitter: https://twitter.com/nikolas_dm
Facebook: https://facebook.com/nikolasferreiradm
Telegram: https://t.me/nikolasferreira
TikTok: https://tiktok.com/@nikolasferreiradm
Livraria: https://livrariadonikolas.com","{'url': 'https://i.ytimg.com/vi/DNA6N5T9tdk/default.jpg', 'width': 120, 'height': 90}","{'url': 'https://i.ytimg.com/vi/DNA6N5T9tdk/mqdefault.jpg', 'width': 320, 'height': 180}","{'url': 'https://i.ytimg.com/vi/DNA6N5T9tdk/hqdefault.jpg', 'width': 480, 'height': 360}","{'url': 'https://i.ytimg.com/vi/DNA6N5T9tdk/sddefault.jpg', 'width': 640, 'height': 480}",,Nikolas Ferreira,UUxI9vN6UbxmBt8VIvUKtJaA,47,youtube#video,DNA6N5T9tdk,Nikolas Ferreira,UCxI9vN6UbxmBt8VIvUKtJaA,EAAaBlBUOkNESQ,2023-06-06 00:28:31.346311
youtube#playlistItem,reCdB96hsZN1PrqjcLicxSLwd1E,VVV4STl2TjZVYnhtQnQ4Vkl2VUt0SmFBLnpTeFVGRzF2UmRn,2022-09-02T00:15:09Z,UCxI9vN6UbxmBt8VIvUKtJaA,"Devolve o dinheiro, Janones!","Instagram: https://instagram.com/nikolasferreiradm
Twitter: https://twitter.com/nikolas_dm
Facebook: https://facebook.com/nikolasferreiradm
Telegram: https://t.me/nikolasferreira
TikTok: https://tiktok.com/@nikolasferreiradm
Livraria: https://livrariadonikolas.com","{'url': 'https://i.ytimg.com/vi/zSxUFG1vRdg/default.jpg', 'width': 120, 'height': 90}","{'url': 'https://i.ytimg.com/vi/zSxUFG1vRdg/mqdefault.jpg', 'width': 320, 'height': 180}","{'url': 'https://i.ytimg.com/vi/zSxUFG1vRdg/hqdefault.jpg', 'width': 480, 'height': 360}","{'url': 'https://i.ytimg.com/vi/zSxUFG1vRdg/sddefault.jpg', 'width': 640, 'height': 480}","{'url': 'https://i.ytimg.com/vi/zSxUFG1vRdg/maxresdefault.jpg', 'width': 1280, 'height': 720}",Nikolas Ferreira,UUxI9vN6UbxmBt8VIvUKtJaA,48,youtube#video,zSxUFG1vRdg,Nikolas Ferreira,UCxI9vN6UbxmBt8VIvUKtJaA,EAAaBlBUOkNESQ,2023-06-06 00:28:31.346311
youtube#playlistItem,_n2HMNia3K1dYvxoWYfDA8IkY24,VVV4STl2TjZVYnhtQnQ4Vkl2VUt0SmFBLlpGbG5wYU5yamRF,2022-08-29T14:14:02Z,UCxI9vN6UbxmBt8VIvUKtJaA,DEBATE NA BAND E A TRETA NOS BASTIDORES,"Instagram: https://instagram.com/nikolasferreiradm
Twitter: https://twitter.com/nikolas_dm
Facebook: https://facebook.com/nikolasferreiradm
Telegram: https://t.me/nikolasferreira
TikTok: https://tiktok.com/@nikolasferreiradm
Livraria: https://livrariadonikolas.com","{'url': 'https://i.ytimg.com/vi/ZFlnpaNrjdE/default.jpg', 'width': 120, 'height': 90}","{'url': 'https://i.ytimg.com/vi/ZFlnpaNrjdE/mqdefault.jpg', 'width': 320, 'height': 180}","{'url': 'https://i.ytimg.com/vi/ZFlnpaNrjdE/hqdefault.jpg', 'width': 480, 'height': 360}","{'url': 'https://i.ytimg.com/vi/ZFlnpaNrjdE/sddefault.jpg', 'width': 640, 'height': 480}","{'url': 'https://i.ytimg.com/vi/ZFlnpaNrjdE/maxresdefault.jpg', 'width': 1280, 'height': 720}",Nikolas Ferreira,UUxI9vN6UbxmBt8VIvUKtJaA,49,youtube#video,ZFlnpaNrjdE,Nikolas Ferreira,UCxI9vN6UbxmBt8VIvUKtJaA,EAAaBlBUOkNESQ,2023-06-06 00:28:31.346311
